{
"type": "FeatureCollection",
"name": "world_country",
"crs": { "type": "name", "properties": { "name": "urn:ogc:def:crs:EPSG::4088" } },
"features": [
{ "type": "Feature", "properties": { "ADMIN": "Cambodia", "geo_cluster": 1, "resource_level": "Higher_Resource", "average_hours": 42.192307692307693, "average_capital_gain": 0.97009321546279303, "income_rate": 34.615384615384613, "average_education_num": 9.384615384615385 }, "geometry": { "type": "Polygon", "coordinates": [ [ [ 11406936.521690828725696, 1355089.025945397792384 ], [ 11380601.864694211632013, 1489373.949040077626705 ], [ 11451802.611938245594501, 1581829.741060648113489 ], [ 11595577.365279216319323, 1603070.441675884881988 ], [ 11699807.045043839141726, 1587110.505124045070261 ], [ 11791561.752281615510583, 1543508.591386636486277 ], [ 11841869.394633019343019, 1620176.799181034322828 ], [ 11940427.570932699367404, 1579241.12032417440787 ], [ 11966204.918344644829631, 1505084.030317224562168 ], [ 11952511.804058, 1371836.223442866234109 ], [ 11765606.381596511229873, 1286261.514628275763243 ], [ 11814437.242504566907883, 1218899.220469423569739 ], [ 11697709.68403304181993, 1210837.357040049275383 ], [ 11601461.47367749735713, 1166051.772007977124304 ], [ 11508385.10208947584033, 1182287.472280884627253 ], [ 11463174.307190723717213, 1240231.879390032263473 ], [ 11406936.521690828725696, 1355089.025945397792384 ] ] ] } },
{ "type": "Feature", "properties": { "ADMIN": "Canada", "geo_cluster": 1, "resource_level": "Higher_Resource", "average_hours": 41.588957055214721, "average_capital_gain": 0.77698940919244142, "income_rate": 36.809815950920246, "average_education_num": 10.742331288343559 }, "geometry": { "type": "MultiPolygon", "coordinates": [ [ [ [ -13659199.796754768118262, 5448557.392062712460756 ], [ -13674123.28425657749176, 5448839.605096612125635 ], [ -13889400.234618928283453, 5558035.589326575398445 ], [ -13968834.641642762348056, 5606071.850415780209005 ], [ -14170208.875051448121667, 5652112.160378710366786 ], [ -14232161.196500176563859, 5750544.241493031382561 ], [ -14216322.573746597394347, 5818793.538556302897632 ], [ -14358593.302857261151075, 5866137.054491375572979 ], [ -14378101.362221818417311, 5955783.614798617549241 ], [ -14512618.460578432306647, 6036508.996339223347604 ], [ -14514969.012715388089418, 6093794.906369272619486 ], [ -14514969.123910436406732, 6093797.797440541908145 ], [ -14453132.445312473922968, 6147418.273881368339062 ], [ -14456221.443768629804254, 6217563.446526979096234 ], [ -14645256.362610023468733, 6288315.744139133952558 ], [ -14758965.531481400132179, 6415163.719978794455528 ], [ -14828478.00429923646152, 6494933.936050057411194 ], [ -14930282.631244195625186, 6545063.999908498488367 ], [ -15005215.862691892310977, 6590592.812646867707372 ], [ -15064241.530455742031336, 6648105.115796309895813 ], [ -15175869.12801324762404, 6612090.151434775441885 ], [ -15284037.447602039203048, 6549944.350601103156805 ], [ -15382822.017021114006639, 6623011.729129640385509 ], [ -15460448.392551172524691, 6671702.929056381806731 ], [ -15568752.37009952031076, 6702483.942470071837306 ], [ -15678255.03027412481606, 6705771.980063608847558 ], [ -15677667.920416368171573, 7338876.557813484221697 ], [ -15676945.152599051594734, 7751629.243172976188362 ], [ -15676943.81825846619904, 7751629.020782876759768 ], [ -15469513.01293078251183, 7724833.460308907553554 ], [ -15294474.21488406136632, 7671348.641827640123665 ], [ -15178522.241878036409616, 7661120.921237397007644 ], [ -15080913.004124967381358, 7707498.15219824295491 ], [ -14946242.456600984558463, 7742225.47789447195828 ], [ -14781074.443037800490856, 7728649.674384330399334 ], [ -14614516.491364400833845, 7777483.203973556868732 ], [ -14432529.114717064425349, 7805190.786237929016352 ], [ -14356140.3400803450495, 7759109.334106936119497 ], [ -14273169.93050410784781, 7785083.385560241527855 ], [ -14248330.068548744544387, 7837454.029652356170118 ], [ -14171488.730063337832689, 7825597.301596936769783 ], [ -13983480.141522528603673, 7725896.484975606203079 ], [ -13835425.045972375199199, 7801266.712965154089034 ], [ -13820397.035124676302075, 7716901.917476749047637 ], [ -13683782.798147363588214, 7735141.241334300488234 ], [ -13641797.77161481231451, 7767589.068529766984284 ], [ -13507113.880684975534678, 7761167.554460550658405 ], [ -13337054.396924303844571, 7714474.529561060480773 ], [ -13076835.743681341409683, 7673712.6485655028373 ], [ -12923803.557746110484004, 7654835.065127736888826 ], [ -12814884.671577798202634, 7661996.026271592825651 ], [ -12664886.998524803668261, 7605619.024570575915277 ], [ -12821332.872458733618259, 7550434.03379288688302 ], [ -12620334.478315051645041, 7526587.143623461946845 ], [ -12320189.018893152475357, 7539704.823532477021217 ], [ -12225471.964359825477004, 7559155.061471651308239 ], [ -12106939.154270745813847, 7492482.510200615040958 ], [ -11985980.06821646541357, 7548738.309298419393599 ], [ -12099465.735039714723825, 7595916.144610751420259 ], [ -12027658.196414280682802, 7633975.985920041799545 ], [ -11892310.47104300186038, 7639099.85376955755055 ], [ -11803354.431988917291164, 7650219.35865131765604 ], [ -11713600.012484321370721, 7623668.204894651658833 ], [ -11601858.995977019891143, 7563264.830475949682295 ], [ -11477680.813259469345212, 7572132.63561915513128 ], [ -11281219.17710754647851, 7521999.235909247770905 ], [ -11108602.207224071025848, 7539653.673810021020472 ], [ -10946396.42976138740778, 7536983.880687909200788 ], [ -10959228.338394939899445, 7606179.447616617195308 ], [ -10860362.596590228378773, 7625605.222645052708685 ], [ -10688058.084793930873275, 7587882.30233367998153 ], [ -10688721.919235371053219, 7482690.674201737158 ], [ -10617951.830415407195687, 7571348.710524990223348 ], [ -10528503.197295060381293, 7568360.899563260376453 ], [ -10478223.020120715722442, 7680134.162634719163179 ], [ -10597341.828117063269019, 7748705.925339560955763 ], [ -10727132.024948438629508, 7793634.284814313985407 ], [ -10718218.629835218191147, 7916511.485460699535906 ], [ -10586747.163865720853209, 7997206.844338123686612 ], [ -10440099.797633599489927, 7979373.38240875583142 ], [ -10327593.759190432727337, 7930285.216157735325396 ], [ -10176530.837569760158658, 7804923.918120766058564 ], [ -10275191.980484645813704, 7750291.566735699772835 ], [ -10068389.204792685806751, 7727795.696409409865737 ], [ -10068879.574957970529795, 7614079.855835108086467 ], [ -9920282.959520073607564, 7701227.863395418971777 ], [ -9787350.390609115362167, 7629657.170223967172205 ], [ -9820467.611998464912176, 7547183.802515947259963 ], [ -9712906.417376216500998, 7472164.950880661606789 ], [ -9596807.666905753314495, 7552530.0604630978778 ], [ -9515698.662446726113558, 7648502.507097574882209 ], [ -9509619.629127867519855, 7770544.632927338592708 ], [ -9351593.673550236970186, 7762013.748782051727176 ], [ -9187221.816536588594317, 7745653.621249516494572 ], [ -9037981.381766038015485, 7690474.190224267542362 ], [ -9031284.103975752368569, 7635282.527743649668992 ], [ -9114031.011503864079714, 7575999.999417031183839 ], [ -9035629.606483545154333, 7516469.506131548434496 ], [ -9049779.176445584744215, 7462386.458287641406059 ], [ -9267502.417881922796369, 7384634.432352418079972 ], [ -9422159.163480380550027, 7367483.708022790960968 ], [ -9537135.9559082724154, 7400956.753568354062736 ], [ -9570290.983614219352603, 7345127.943458011373878 ], [ -9677464.107516091316938, 7251359.382691100239754 ], [ -9709911.934711556881666, 7202729.34004120901227 ], [ -9838867.0567263122648, 7127488.098308285698295 ], [ -9998040.545207738876343, 7120122.538274608552456 ], [ -10085833.484051192179322, 7073135.958446240052581 ], [ -10093179.028976082801819, 7000863.624516747891903 ], [ -10222541.124869510531425, 6986949.788058201782405 ], [ -10358594.938800781965256, 6896838.432446902617812 ], [ -10479191.528995914384723, 6771628.359676325693727 ], [ -10522310.745026407763362, 6683957.73538657091558 ], [ -10528458.719275534152985, 6554816.917640291154385 ], [ -10365048.699434153735638, 6536280.703002396970987 ], [ -10314966.449446704238653, 6432156.547339101321995 ], [ -10262972.756570080295205, 6347801.75940508954227 ], [ -10107373.076957650482655, 6369772.789100958965719 ], [ -9900754.885046726092696, 6321629.780764888972044 ], [ -9789587.634991323575377, 6279364.542709317058325 ], [ -9710019.793908910825849, 6226827.106043973937631 ], [ -9570692.397740447893739, 6196213.997153998352587 ], [ -9452892.363023078069091, 6149375.306740557774901 ], [ -9269280.426712516695261, 6142958.240473293699324 ], [ -9148333.572113607078791, 6132220.134608977474272 ], [ -9166497.283337961882353, 6035919.662580489180982 ], [ -9131895.608046900480986, 5924141.951707080006599 ], [ -9051360.370039772242308, 5799698.012822855263948 ], [ -8885917.704706009477377, 5694122.761772490106523 ], [ -8800310.860522309318185, 5730317.862113109789789 ], [ -8740143.219607103615999, 5844643.051554931327701 ], [ -8798220.393604539334774, 6020261.175805994309485 ], [ -8876654.045189015567303, 6078779.794147236272693 ], [ -8698648.563239837065339, 6130900.249379513785243 ], [ -8572649.005622655153275, 6208843.530798702500761 ], [ -8511021.373716473579407, 6286326.46471578720957 ], [ -8520119.352610727772117, 6360649.235345475375652 ], [ -8595628.574411300942302, 6455104.981514078564942 ], [ -8730688.304606141522527, 6538778.143798839300871 ], [ -8599464.803595507517457, 6655313.890811154618859 ], [ -8647941.397078033536673, 6755975.432654269970953 ], [ -8685097.222640434280038, 6929635.412095655687153 ], [ -8607683.229653617367148, 6955309.236917152069509 ], [ -8417043.766257783398032, 6925049.728282417170703 ], [ -8302734.144122797064483, 6914231.561982952058315 ], [ -8210629.061286196112633, 6943441.389356849715114 ], [ -8107067.552569918334484, 6905776.290470860898495 ], [ -7970136.409703477285802, 6841314.296770318411291 ], [ -7936400.943842703476548, 6798150.602720298804343 ], [ -7738110.149137729778886, 6789726.465821878984571 ], [ -7741435.993047866038978, 6696304.833607277832925 ], [ -7704471.422969427891076, 6555766.523357193917036 ], [ -7602911.42513186763972, 6538386.737227001227438 ], [ -7522318.365699354559183, 6472892.85347343236208 ], [ -7361310.158912437036633, 6534633.904329407960176 ], [ -7254939.863263026811182, 6657326.521194754168391 ], [ -7181367.659212856553495, 6709017.763538595288992 ], [ -7094772.291045170277357, 6609722.808845449239016 ], [ -6949952.97141560819, 6467891.300177615135908 ], [ -6826992.37448261026293, 6334498.383764550089836 ], [ -6871705.0155626591295, 6264667.89310709387064 ], [ -6723801.145278896205127, 6201957.221425428055227 ], [ -6623846.803946260362864, 6138419.25858055986464 ], [ -6446541.850804635323584, 6109666.442857302725315 ], [ -6375167.972869589924812, 6074196.334234974347055 ], [ -6331100.263072684407234, 5980105.307826492935419 ], [ -6244503.782954508438706, 5965335.269492049701512 ], [ -6199826.724290083162487, 5923400.280731465667486 ], [ -6191716.157429326325655, 5798448.180474144406617 ], [ -6272419.299960169009864, 5756645.51382165402174 ], [ -6352229.546249005943537, 5717618.275587650947273 ], [ -6535468.979146027006209, 5678097.331336897797883 ], [ -6675382.373221756890416, 5586747.262881768867373 ], [ -6863365.386901338584721, 5568699.19450818374753 ], [ -7101194.917064875364304, 5592109.088135754689574 ], [ -7268076.446330338716507, 5592910.804437729530036 ], [ -7383245.606192686595023, 5585212.771208086051047 ], [ -7476344.772765716537833, 5505440.331235847435892 ], [ -7618099.556849865242839, 5456158.685599884018302 ], [ -7778496.190868285484612, 5308994.26239075884223 ], [ -7906477.244255397468805, 5206342.329173808917403 ], [ -7812032.617591675370932, 5224617.235446982085705 ], [ -7633540.101328678429127, 5370720.857890387997031 ], [ -7400300.702780330553651, 5463357.453060335479677 ], [ -7233934.00659089256078, 5474441.375526474788785 ], [ -7135496.365724130533636, 5419922.443091202527285 ], [ -7240515.641530405730009, 5345240.512453833594918 ], [ -7205276.818609619513154, 5225385.593234311789274 ], [ -7168988.314427992329001, 5141491.152802404016256 ], [ -7024557.065518805757165, 5085952.561769474297762 ], [ -6840799.463694293051958, 5102048.045085822232068 ], [ -6729318.643601225689054, 5227049.071164623834193 ], [ -6721585.027955961413682, 5146400.414207701571286 ], [ -6649783.049082967452705, 5106121.119724011979997 ], [ -6787332.4364208355546, 5033271.683491157367826 ], [ -7033610.566393534652889, 4967098.397989311255515 ], [ -7143899.375563277862966, 4922107.769287219271064 ], [ -7268159.842616951093078, 4842013.975623897276819 ], [ -7352594.690986113622785, 4850180.14000906329602 ], [ -7356856.797207292169333, 4944301.189080725423992 ], [ -7163795.505648211576045, 5036250.598848980851471 ], [ -7341769.85298371873796, 5032611.184901179745793 ], [ -7465347.582437654957175, 5019069.851856172084808 ], [ -7538061.360710951499641, 5081926.189051788300276 ], [ -7537963.509067991748452, 5233546.197867035865784 ], [ -7587331.886842033825815, 5265625.969450916163623 ], [ -7661894.838777167722583, 5246738.378458756953478 ], [ -7698835.613115157000721, 5275958.32458209618926 ], [ -7783650.081380981951952, 5192038.198093911632895 ], [ -7817567.907121816650033, 5105520.666460396721959 ], [ -7857042.14945206604898, 5054926.919248386286199 ], [ -7904280.030090761370957, 5037718.373493373394012 ], [ -7939882.460821182467043, 5032131.934240777045488 ], [ -7951008.637405873276293, 5004688.996192591264844 ], [ -8155915.537515493109822, 5004597.816252560354769 ], [ -8324839.719827736727893, 5003830.570415719412267 ], [ -8375012.037804727442563, 4983367.345581815578043 ], [ -8492521.853444688022137, 4903291.343126304447651 ], [ -8506421.234546886757016, 4894634.69738080445677 ], [ -8542007.430800182744861, 4851304.766732804477215 ], [ -8644067.917552471160889, 4851335.011786081828177 ], [ -8753305.377535643056035, 4850893.901027423329651 ], [ -8803498.155401617288589, 4833241.68702762760222 ], [ -8785520.807079080492258, 4811409.762337828055024 ], [ -8775513.252685494720936, 4777495.272448458708823 ], [ -8777666.211220702156425, 4766221.317643889226019 ], [ -8923118.897848330438137, 4710911.67721647489816 ], [ -9037683.045450059697032, 4693434.706613617017865 ], [ -9166839.541698222979903, 4634065.334953871555626 ], [ -9194728.483087215572596, 4634065.334953871555626 ], [ -9232503.7762665823102, 4651599.793396968394518 ], [ -9244978.748793428763747, 4667487.897947273217142 ], [ -9242532.457719443365932, 4679087.654244875535369 ], [ -9218069.546979568898678, 4718005.921331038698554 ], [ -9165807.87403529509902, 4779163.198180722072721 ], [ -9133299.11195307597518, 4844889.25719622336328 ], [ -9155551.576317504048347, 4941507.96945442724973 ], [ -9179254.13531356304884, 5042419.366572235710919 ], [ -9295111.147747894749045, 5094611.765001095831394 ], [ -9281400.798228684812784, 5114381.355120476335287 ], [ -9297699.768484368920326, 5127973.949082989245653 ], [ -9328237.709521345794201, 5127973.949082989245653 ], [ -9350597.47710788063705, 5145597.474760189652443 ], [ -9356187.141016894951463, 5171929.240685540251434 ], [ -9377823.473615823313594, 5160425.445715066045523 ], [ -9407645.985708706080914, 5163853.589070113375783 ], [ -9400846.297278461977839, 5174871.239287157543004 ], [ -9427031.508129470050335, 5185814.83360168710351 ], [ -9437799.859047064557672, 5215057.018734790384769 ], [ -9524118.685128340497613, 5250654.556883064098656 ], [ -9614145.310112442821264, 5287695.74035013653338 ], [ -9722872.05123639665544, 5330690.640316049568355 ], [ -9827208.700637981295586, 5371045.325042837299407 ], [ -9926706.363905124366283, 5339564.894772085361183 ], [ -9963076.374057531356812, 5338474.293733282014728 ], [ -10099846.284103186801076, 5367385.006425860337913 ], [ -10189914.273645447567105, 5352929.650079570710659 ], [ -10297773.470998525619507, 5387400.11521302908659 ], [ -10411289.16048495657742, 5405109.038687720894814 ], [ -10488933.327222825959325, 5411945.310289027169347 ], [ -10523499.420098267495632, 5430766.184251895174384 ], [ -10543245.436867298558354, 5491817.825805202126503 ], [ -10580886.072842545807362, 5491284.089570877142251 ], [ -10581217.4340880215168, 5448557.392062712460756 ], [ -10811352.266873380169272, 5448635.22859688475728 ], [ -11191781.6634920835495, 5448557.392062712460756 ], [ -11569651.350087001919746, 5448541.824755877256393 ], [ -11903429.975924761965871, 5448557.392062712460756 ], [ -12237015.122377581894398, 5448557.392062712460756 ], [ -12565040.516389520838857, 5448557.392062712460756 ], [ -12903983.04029437340796, 5448557.392062712460756 ], [ -13013291.10913354344666, 5448557.392062712460756 ], [ -13343405.858112763613462, 5448557.392062712460756 ], [ -13659199.796754768118262, 5448557.392062712460756 ] ] ], [ [ [ -9339680.236019920557737, 6944442.144796207547188 ], [ -9257041.187689162790775, 6995735.308865281753242 ], [ -9104315.900088669732213, 6994677.843951025046408 ], [ -9106679.906826531514525, 6973130.467391150072217 ], [ -9236813.696358751505613, 6911797.502364333719015 ], [ -9315322.960576424375176, 6914364.996041532605886 ], [ -9339680.236019920557737, 6944442.144796207547188 ] ] ], [ [ [ -8870677.644900213927031, 8095322.241953413002193 ], [ -8993021.776482565328479, 8154286.863635462708771 ], [ -8988327.788691777735949, 8194317.192404849454761 ], [ -8934862.206953957676888, 8201715.666172977536917 ], [ -8680378.994329005479813, 8189730.174251025542617 ], [ -8488630.026736071333289, 8128656.627273101359606 ], [ -8478778.590191025286913, 8097933.435284797102213 ], [ -8596982.70771580003202, 8101175.882908318191767 ], [ -8716765.572543689981103, 8103523.321583905257285 ], [ -8838477.671468561515212, 8088572.813685232773423 ], [ -8870677.644900213927031, 8095322.241953413002193 ] ] ], [ [ [ -8930674.267830338329077, 6903607.431043673306704 ], [ -8887752.423011498525739, 6936969.837515663355589 ], [ -8842232.505877036601305, 6934535.777897046878934 ], [ -8813966.724467599764466, 6911736.901062728837132 ], [ -8857521.825089456513524, 6853293.339379439130425 ], [ -8906674.484468789771199, 6862747.142429911531508 ], [ -8935873.192337807267904, 6895926.633046597242355 ], [ -8930674.267830338329077, 6903607.431043673306704 ] ] ], [ [ [ -10409274.973370674997568, 8337404.426758978515863 ], [ -10469782.092769920825958, 8294299.66608483530581 ], [ -10631211.951181955635548, 8302585.587537576444447 ], [ -10766008.2603061478585, 8331580.697272205725312 ], [ -10706814.132043339312077, 8381641.264225135557353 ], [ -10546941.560289995744824, 8411596.0984261110425 ], [ -10449860.165433660149574, 8372596.88134441152215 ], [ -10409274.973370674997568, 8337404.426758978515863 ] ] ], [ [ [ -10434543.714629327878356, 8619839.850755698978901 ], [ -10485204.73484587483108, 8616653.667826879769564 ], [ -10693589.371302312240005, 8623744.353699881583452 ], [ -10723239.531069530174136, 8654825.371355280280113 ], [ -10499323.058999197557569, 8653199.254961371421814 ], [ -10421272.9191380944103, 8632553.225467212498188 ], [ -10434543.714629327878356, 8619839.850755698978901 ] ] ], [ [ [ -10758610.120123164728284, 8758368.42169345356524 ], [ -10625718.582185219973326, 8719728.364619435742497 ], [ -10655854.330730620771646, 8679545.365048019215465 ], [ -10820372.742818612605333, 8656600.933894800022244 ], [ -10910935.105547916144133, 8682427.095933178439736 ], [ -10958590.96837511844933, 8724152.815611887723207 ], [ -10967388.275857370346785, 8770168.106688832864165 ], [ -10823418.152815628796816, 8765726.309268765151501 ], [ -10758610.120123164728284, 8758368.42169345356524 ] ] ], [ [ [ -9801882.471539089456201, 8272056.208519360981882 ], [ -9981392.644888866692781, 8285760.775896033272147 ], [ -10276917.838837346062064, 8321588.154210210777819 ], [ -10315373.979300621896982, 8382641.130104104988277 ], [ -10328897.632332867011428, 8437775.527134582400322 ], [ -10440528.343351740390062, 8486322.062302812933922 ], [ -10670550.090772453695536, 8499903.091980248689651 ], [ -10799416.479138251394033, 8534339.865013916045427 ], [ -10757578.674850333482027, 8579964.4166893158108 ], [ -10528401.565020440146327, 8572902.307943860068917 ], [ -10404956.713649842888117, 8537143.981754997745156 ], [ -10186025.004422955214977, 8537391.057153470814228 ], [ -10090043.995769720524549, 8500816.6705013345927 ], [ -10115375.89581610262394, 8459053.589286221191287 ], [ -9987788.139316659420729, 8433896.932636775076389 ], [ -9917162.048084912821651, 8407476.099477322772145 ], [ -9767181.387874381616712, 8402586.074815470725298 ], [ -9604938.471265394240618, 8393271.487966116517782 ], [ -9428186.491101536899805, 8417376.684233943000436 ], [ -9201773.356600103899837, 8426840.60603385977447 ], [ -9021090.965045692399144, 8419020.035860419273376 ], [ -8901998.843861060217023, 8377084.602319640107453 ], [ -8877138.077236516401172, 8331080.764332721941173 ], [ -8946505.774100793525577, 8301522.562870879657567 ], [ -9112305.597931360825896, 8277632.862607661634684 ], [ -9254640.931365387514234, 8291150.733497367240489 ], [ -9573610.378211522474885, 8274027.140759652480483 ], [ -9801882.471539089456201, 8272056.208519360981882 ] ] ], [ [ [ -12372055.17104878090322, 8690221.757660243660212 ], [ -12215271.152971396222711, 8672805.165968893095851 ], [ -12252241.949972566217184, 8639523.37590729445219 ], [ -12459537.653315937146544, 8607522.997588271275163 ], [ -12624449.695876741781831, 8643436.552065283060074 ], [ -12534415.954409517347813, 8678890.315015437081456 ], [ -12372055.17104878090322, 8690221.757660243660212 ] ] ], [ [ [ -12338609.701875325292349, 8762663.664039181545377 ], [ -12193998.872962294146419, 8740150.224895177409053 ], [ -12329453.123190341517329, 8718461.297038158401847 ], [ -12514123.302780497819185, 8718570.490576097741723 ], [ -12512321.942989654839039, 8734432.797875074669719 ], [ -12398249.055113598704338, 8767728.932097969576716 ], [ -12338609.701875325292349, 8762663.664039181545377 ] ] ], [ [ [ -6182468.954779556021094, 5706204.659801768139005 ], [ -6241826.873349274508655, 5636144.551368501968682 ], [ -6315420.871629010885954, 5538882.130972693674266 ], [ -6242835.301247000694275, 5576444.708023671060801 ], [ -6168155.260925461538136, 5552615.386671960353851 ], [ -6207174.604310998693109, 5513843.229879944585264 ], [ -6108515.907687187194824, 5483362.665488160215318 ], [ -6057214.070404306054115, 5510458.674984035082161 ], [ -5946327.47665211930871, 5476260.415330082178116 ], [ -5980738.45243445970118, 5394825.831768117845058 ], [ -5902915.261667993851006, 5413842.742602050304413 ], [ -5888739.449674432165921, 5354838.201897476799786 ], [ -5854207.938459173776209, 5285717.580431670881808 ], [ -5901027.614519266411662, 5187860.48891478497535 ], [ -5951320.912709372118115, 5183723.254733428359032 ], [ -6024429.433405971154571, 5204713.988878923468292 ], [ -6000292.657744280062616, 5295687.217313609085977 ], [ -6031273.043880499899387, 5309816.994556959718466 ], [ -6160291.658268129453063, 5213379.196643182076514 ], [ -6226642.633457985706627, 5217240.555908421985805 ], [ -6148109.795889965258539, 5269484.660034983418882 ], [ -6254810.340834364295006, 5296503.166581832803786 ], [ -6374281.637135464698076, 5289860.596755566075444 ], [ -6590087.431149992160499, 5293256.60474150441587 ], [ -6607153.53604746889323, 5326182.125866690650582 ], [ -6537889.250578590668738, 5365330.677898954600096 ], [ -6586263.433421154506505, 5395538.258445891551673 ], [ -6492879.607523150742054, 5462521.37748827598989 ], [ -6378002.334663950838149, 5639620.953374736011028 ], [ -6309056.956595081835985, 5702909.172139960341156 ], [ -6212576.015002363361418, 5741233.212885241955519 ], [ -6160981.178765847347677, 5736360.534651004709303 ], [ -6182468.954779556021094, 5706204.659801768139005 ] ] ], [ [ [ -9327332.693019017577171, 7239867.152005702257156 ], [ -9205568.666006347164512, 7201735.589889925904572 ], [ -9078187.732297703623772, 7167091.994065457955003 ], [ -9068338.742043731734157, 7114215.746086369268596 ], [ -8986490.401705117896199, 7122875.282903135754168 ], [ -8907107.144403740763664, 7086013.568244856782258 ], [ -9005800.422687735408545, 7051016.594555247575045 ], [ -9178837.487465642392635, 7077756.335114709101617 ], [ -9241286.85078258626163, 7127811.231120151467621 ], [ -9351549.97389605268836, 7068637.229161178693175 ], [ -9509779.194022921845317, 7011112.360971218906343 ], [ -9547959.570765130221844, 7076147.453953367657959 ], [ -9698652.65765343233943, 7065471.061341145075858 ], [ -9601999.363735048100352, 7120467.576511088758707 ], [ -9587780.408062543720007, 7207987.420314647257328 ], [ -9549858.671003885567188, 7309826.628919787704945 ], [ -9469515.800431212410331, 7300765.010806495323777 ], [ -9448884.226293398067355, 7251865.097773121669888 ], [ -9391979.937670890241861, 7269017.378833434544504 ], [ -9327332.693019017577171, 7239867.152005702257156 ] ] ], [ [ [ -8758905.048999048769474, 8045203.408794901333749 ], [ -8653712.864891860634089, 8089397.21377716679126 ], [ -8406995.625671381130815, 8033139.301973435096443 ], [ -8253854.579783357679844, 7980151.080580187030137 ], [ -8239457.600837699137628, 7931636.236000868491828 ], [ -8032977.846762552857399, 7956775.768612798303366 ], [ -7917089.143739305436611, 7885954.307680279016495 ], [ -7648668.632500506937504, 7842033.486542861908674 ], [ -7551808.404596271924675, 7797213.431045656092465 ], [ -7446624.893702892586589, 7693150.321464162319899 ], [ -7650789.010886411182582, 7641345.771365575492382 ], [ -7388896.093793402425945, 7568731.512660969048738 ], [ -7212368.171652913093567, 7544310.411259452812374 ], [ -7052538.632383462972939, 7442114.822522850707173 ], [ -6877634.046760662458837, 7434736.808643704280257 ], [ -6912237.501172505319118, 7356692.339730091392994 ], [ -7107414.500925439409912, 7227530.17253443878144 ], [ -7244230.668111403472722, 7275050.933377325534821 ], [ -7419069.203875206410885, 7382021.459900254383683 ], [ -7562933.024450278840959, 7368087.052357675507665 ], [ -7576973.734459527768195, 7304379.294673262163997 ], [ -7460036.462125930003822, 7239737.832163928076625 ], [ -7309081.844482807442546, 7188582.661150435917079 ], [ -7263279.269534249790013, 7159041.583726113662124 ], [ -7190917.757175606675446, 7048979.612455956637859 ], [ -7229213.109598292037845, 6969059.060678693465889 ], [ -7369456.864164060913026, 6999183.356134066358209 ], [ -7648349.725100498646498, 7088202.887561025097966 ], [ -7491174.967621569521725, 6992385.669214699417353 ], [ -7375378.222903694957495, 6925235.979989185929298 ], [ -7357283.563804654404521, 6886409.11523315217346 ], [ -7658822.18599319178611, 6930803.960863678716123 ], [ -7897454.544409190304577, 6995359.247210180386901 ], [ -8032216.494263297878206, 7049525.468950602225959 ], [ -7993398.191526023671031, 7080899.485559636726975 ], [ -8159304.3178232582286, 7138050.849580616690218 ], [ -8321216.873942209407687, 7191993.013297672383487 ], [ -8319447.093545230105519, 7159748.339456397108734 ], [ -8640965.019715214148164, 7142007.058222498744726 ], [ -8735032.58396839722991, 7180187.434964708052576 ], [ -8661791.963553803041577, 7262058.79267842695117 ], [ -8452855.688460178673267, 7264035.507061258889735 ], [ -8223963.015565159730613, 7278245.789519952610135 ], [ -8261111.947034535929561, 7317943.089118130505085 ], [ -8222308.099653607234359, 7373407.95783369615674 ], [ -8078450.061221074312925, 7481711.71299194637686 ], [ -8109016.80177569296211, 7530898.842836415395141 ], [ -8151888.942407709546387, 7568984.370201980695128 ], [ -8322205.175536100752652, 7622935.095937795937061 ], [ -8547463.438260514289141, 7660753.53279610350728 ], [ -8476248.34685518220067, 7688889.549583568237722 ], [ -8593972.880134405568242, 7758027.406281941570342 ], [ -8691965.073635606095195, 7764359.741922006011009 ], [ -8779654.378693560138345, 7802209.646979128941894 ], [ -8839167.41435637883842, 7769399.101534419693053 ], [ -9040765.816983478143811, 7755096.860770352184772 ], [ -9445430.730467220768332, 7779943.283233597874641 ], [ -9680641.283645955845714, 7812564.24112007394433 ], [ -9860967.406263956800103, 7829325.782778838649392 ], [ -9953449.106730902567506, 7868388.269843317568302 ], [ -9837172.555377380922437, 7919109.668971370905638 ], [ -9995117.33856937289238, 7919595.146554508246481 ], [ -10030367.169799994677305, 8032182.579773408360779 ], [ -9944904.545594610273838, 8131634.319485387764871 ], [ -9830558.78506875783205, 8177049.157298719510436 ], [ -9543443.050272256135941, 8206618.923045638948679 ], [ -9625285.719663381576538, 8134745.890536451712251 ], [ -9537685.370644479990005, 8065435.681512411683798 ], [ -9434912.346019368618727, 8155075.792506822384894 ], [ -9153086.048500070348382, 8200740.596789895556867 ], [ -8962330.719863370060921, 8085719.659927622415125 ], [ -8978882.547660065814853, 8012927.26675481069833 ], [ -8758905.048999048769474, 8045203.408794901333749 ] ] ], [ [ [ -10508338.864752376452088, 8243434.602953707799315 ], [ -10276647.746063767001033, 8239555.897260853089392 ], [ -10064240.851106448099017, 8212502.920248869806528 ], [ -10230385.379588346928358, 8113485.063617377541959 ], [ -10362966.683340093120933, 8091885.202994461171329 ], [ -10482251.283154228702188, 8008778.468288376927376 ], [ -10609103.595600795000792, 8012924.375683541409671 ], [ -10678476.963412560522556, 8110597.66178473085165 ], [ -10676755.997642012313008, 8165878.613889550790191 ], [ -10618659.364511033520103, 8213135.064101398922503 ], [ -10508338.864752376452088, 8243434.602953707799315 ] ] ], [ [ [ -13660859.271663321182132, 8463782.714712433516979 ], [ -13660859.382858369499445, 8463782.714712433516979 ], [ -13472118.018945852294564, 8546952.71940129622817 ], [ -13243768.311474211513996, 8618975.086861044168472 ], [ -13073216.456037376075983, 8617429.364487430080771 ], [ -12920707.55400188267231, 8633771.478422056883574 ], [ -12935966.405770925804973, 8548337.542539270594716 ], [ -13021613.057782102376223, 8509760.644252978265285 ], [ -13125509.374790370464325, 8504327.65416775085032 ], [ -13332210.518207710236311, 8456740.732270814478397 ], [ -13510197.875363931059837, 8439706.317962251603603 ], [ -13660859.271663321182132, 8463782.714712433516979 ] ] ], [ [ [ -14756695.818144932389259, 6008981.438858888112009 ], [ -14649946.569769153371453, 6017876.486789052374661 ], [ -14683248.374939534813166, 5891627.518677371554077 ], [ -14586460.090231887996197, 5802205.79475883860141 ], [ -14630803.230164712294936, 5802421.290763447061181 ], [ -14697809.144192105159163, 5853274.789609496481717 ], [ -14738902.83121333271265, 5904458.760140630416572 ], [ -14795013.965552626177669, 5939090.902875069528818 ], [ -14815590.942921470850706, 5987973.46948082651943 ], [ -14808957.046309012919664, 6023433.014573517255485 ], [ -14756695.818144932389259, 6008981.438858888112009 ] ] ], [ [ [ -11730220.225236039608717, 8817944.616143999621272 ], [ -11511943.566041735932231, 8802794.846717845648527 ], [ -11211258.365852875635028, 8762221.218939935788512 ], [ -11126197.934139067307115, 8709324.844657009467483 ], [ -11082914.927801666781306, 8662933.269534865394235 ], [ -11264496.55371586792171, 8675324.845775099471211 ], [ -11447509.037518251687288, 8711379.173183914273977 ], [ -11695065.243382060900331, 8715504.843080194666982 ], [ -11587683.739958703517914, 8748539.557743318378925 ], [ -11722135.344431560486555, 8775328.224124262109399 ], [ -11730220.225236039608717, 8817944.616143999621272 ] ] ], [ [ [ -13733700.701852662488818, 5394073.041287621483207 ], [ -13789619.468757499009371, 5378598.582318919710815 ], [ -13972215.304711962118745, 5429098.814494875259697 ], [ -14005571.706651318818331, 5468572.056069687008858 ], [ -14105092.387293566018343, 5507490.767936044372618 ], [ -14125106.272935196757317, 5539180.912068866193295 ], [ -14239564.118070255964994, 5559191.906639229506254 ], [ -14282401.788237141445279, 5619701.917109745554626 ], [ -14272820.11088053137064, 5645444.682861509732902 ], [ -14156083.879195196554065, 5621195.933785658329725 ], [ -14087856.821141690015793, 5604330.86953644361347 ], [ -13983334.142423432320356, 5592556.98179239127785 ], [ -13945527.269850200042129, 5554192.799634487368166 ], [ -13890570.896092880517244, 5501405.618889501318336 ], [ -13779569.437855264171958, 5455505.303493031300604 ], [ -13733700.701852662488818, 5394073.041287621483207 ] ] ], [ [ [ -13514410.499788386747241, 8278352.405768560245633 ], [ -13355612.850571962073445, 8255270.53753500059247 ], [ -13071605.128584960475564, 8249090.316721718758345 ], [ -12963610.273272324353456, 8216877.111079256981611 ], [ -12844230.156911255791783, 8170077.33893290348351 ], [ -12984016.788631331175566, 8142026.163967686705291 ], [ -13256673.720035031437874, 8063864.940252813510597 ], [ -13394555.580568863078952, 7986028.406080489046872 ], [ -13394555.580568863078952, 7937503.109166583046317 ], [ -13687242.076116079464555, 7883911.321048352867365 ], [ -13745931.934832498431206, 7932654.7826480390504 ], [ -14002675.631604863330722, 7991442.270617322996259 ], [ -13954978.626609601080418, 8038541.491030141711235 ], [ -13877952.704343155026436, 8119747.123986589722335 ], [ -13781514.35045413300395, 8192851.196881238371134 ], [ -13890235.309435548260808, 8260985.963044225238264 ], [ -13514410.499788386747241, 8278352.405768560245633 ] ] ], [ [ [ -11988986.782336492091417, 8433646.298996740952134 ], [ -11889967.591364413499832, 8452249.230663927271962 ], [ -11773442.963856980204582, 8447421.141644263640046 ], [ -11753870.411364106461406, 8392947.799179010093212 ], [ -11821531.486619129776955, 8340214.65922774747014 ], [ -12198096.855291420593858, 8322949.403997836634517 ], [ -12478649.747111657634377, 8274797.500057861208916 ], [ -12647748.505650544539094, 8272274.484400189481676 ], [ -12661930.322176743298769, 8308526.294215706177056 ], [ -12430962.638475740328431, 8357697.856753338128328 ], [ -12933341.869033684954047, 8344457.862290626391768 ], [ -13088813.674339974299073, 8364336.201167750172317 ], [ -12937101.373634207993746, 8472954.860704252496362 ], [ -12832450.153439519926906, 8504071.683165371417999 ], [ -12519512.815601639449596, 8466540.018337965011597 ], [ -12321992.602584972977638, 8400695.870180619880557 ], [ -12127721.508894754573703, 8392247.270371457561851 ], [ -12286748.219911744818091, 8498617.566020868718624 ], [ -12184875.763987006619573, 8539131.482057562097907 ], [ -12070065.764132339507341, 8526249.535652043297887 ], [ -12032573.017572019249201, 8473249.527583617717028 ], [ -11988986.782336492091417, 8433646.298996740952134 ] ] ], [ [ [ -11844784.595227869227529, 8125690.499345891177654 ], [ -11720231.685195803642273, 8080832.19275189191103 ], [ -11650443.448656896129251, 7972507.088144268840551 ], [ -11615964.087919533252716, 7894066.764856864698231 ], [ -11429224.234885733574629, 7839001.864731897599995 ], [ -11228562.76173996925354, 7786357.680819691158831 ], [ -11240628.536487167701125, 7737448.538597266189754 ], [ -11423196.351289331912994, 7728502.896919889375567 ], [ -11352268.365500044077635, 7685759.520154401659966 ], [ -11389735.537199135869741, 7644973.176248104311526 ], [ -11590971.888747287914157, 7662450.814021254889667 ], [ -11782227.372713571414351, 7692473.477202010340989 ], [ -11911496.064765991643071, 7685715.042134874500334 ], [ -12120260.321119094267488, 7647995.457674966193736 ], [ -12402045.142885183915496, 7631322.7608602065593 ], [ -12599866.805679194629192, 7620812.716041013598442 ], [ -12660107.835326621308923, 7673285.659578043036163 ], [ -12811893.52476460672915, 7703592.982083769515157 ], [ -12910628.056411711499095, 7691162.487576450221241 ], [ -13047627.028257932513952, 7779205.615279741585255 ], [ -12973652.298131043091416, 7791053.447731258347631 ], [ -12802010.508825697004795, 7810040.00231686513871 ], [ -12645257.736557029187679, 7805044.008773487992585 ], [ -12500113.727384919300675, 7824393.05921824183315 ], [ -12715153.832293288782239, 7850370.446523009799421 ], [ -12952759.860408702865243, 7841524.880389569327235 ], [ -13110429.991830114275217, 7843761.012821291573346 ], [ -13169094.27568531036377, 7884751.955617412924767 ], [ -12911202.934814099222422, 7929227.751243479549885 ], [ -13082729.081268673762679, 7927673.244461009278893 ], [ -13276910.106969349086285, 7956960.908369079232216 ], [ -13183581.878595754504204, 8040274.91064615920186 ], [ -13106162.325856497511268, 8084540.547629959881306 ], [ -12808456.485805654898286, 8152219.414092795923352 ], [ -12694824.041517965495586, 8130743.202364163473248 ], [ -12750329.274036251008511, 8078628.306884328834713 ], [ -12502884.708001453429461, 8112279.264507999643683 ], [ -12348253.537264226004481, 8056125.764855109155178 ], [ -12222598.684298379346728, 8112916.412137724459171 ], [ -12120987.536738362163305, 8076468.899036288261414 ], [ -12030008.859746284782887, 7967224.211374945007265 ], [ -11974148.915022272616625, 8013324.566664235666394 ], [ -12053141.877702299505472, 8127193.856405904516578 ], [ -11955296.906445736065507, 8143478.371305243112147 ], [ -11844784.595227869227529, 8125690.499345891177654 ] ] ], [ [ [ -11168248.34336032345891, 8084533.875927031040192 ], [ -11290745.256939752027392, 8157268.781259603798389 ], [ -11159137.021060207858682, 8211074.953431954607368 ], [ -11026531.365592772141099, 8187668.395655849948525 ], [ -10828173.853858508169651, 8201746.80078664701432 ], [ -10799263.141165930777788, 8169500.236629540100694 ], [ -10903073.726791560649872, 8116184.434622474946082 ], [ -10734770.012851720675826, 8068312.742205519229174 ], [ -10754785.12163888849318, 7968237.198269671760499 ], [ -10937107.195383165031672, 7925188.035119936801493 ], [ -11044210.26640428416431, 7934477.269498159177601 ], [ -11121152.79238411411643, 7976940.43474062718451 ], [ -11397492.50380465388298, 8062752.989764639176428 ], [ -11395268.602828303351998, 8098335.405386271886528 ], [ -11168248.34336032345891, 8084533.875927031040192 ] ] ], [ [ [ -11853392.203956838697195, 8183955.592975829727948 ], [ -11704390.838541246950626, 8188403.394928533583879 ], [ -11619882.60143986530602, 8163940.484188660047948 ], [ -11717734.244399359449744, 8090551.751969040371478 ], [ -11891198.520554825663567, 8168388.28614136390388 ], [ -11853392.203956838697195, 8183955.592975829727948 ] ] ], [ [ [ -10952712.308534229174256, 8530884.14528676122427 ], [ -10867713.14529231749475, 8479351.911862729117274 ], [ -10864247.19562067091465, 8422295.508413439616561 ], [ -10914905.991936242207885, 8339628.661320478655398 ], [ -11098237.716723782941699, 8328224.497113744728267 ], [ -11217763.498598802834749, 8346006.809320656582713 ], [ -11215457.313286326825619, 8410876.888850359246135 ], [ -11397724.901456682011485, 8402320.429843844845891 ], [ -11404778.003403184935451, 8488251.963570090010762 ], [ -11285155.481835689395666, 8484779.342195516452193 ], [ -11117669.051504660397768, 8522693.517990855500102 ], [ -10961273.215342694893479, 8516272.003921639174223 ], [ -10952712.308534229174256, 8530884.14528676122427 ] ] ], [ [ [ -10676552.733092773705721, 8962580.019162818789482 ], [ -10599495.676212659105659, 8996490.061250235885382 ], [ -10485518.527273638173938, 9004271.490766493603587 ], [ -10534109.65165644325316, 9029756.284005001187325 ], [ -10275516.670027194544673, 9035419.447841281071305 ], [ -10133526.152439553290606, 8976047.963475607335567 ], [ -9946397.116734890267253, 8952237.990062389522791 ], [ -9764037.236674016341567, 8931186.321030143648386 ], [ -9676193.14810810610652, 8857797.58881052210927 ], [ -9542130.837501160800457, 8821870.468537554144859 ], [ -9694824.990487985312939, 8788778.82200943492353 ], [ -9900290.089742667973042, 8705152.361645177006721 ], [ -10096995.243051502853632, 8697157.437635192647576 ], [ -10327428.078567693009973, 8711390.403883846476674 ], [ -10446903.822670746594667, 8756720.177484832704067 ], [ -10445189.195017978549004, 8797055.069492930546403 ], [ -10357289.508927661925554, 8826674.094646476209164 ], [ -10560638.566403347998857, 8825826.788374485448003 ], [ -10683191.077507182955742, 8862803.589908292517066 ], [ -10753642.036537043750286, 8913147.148260463029146 ], [ -10676552.733092773705721, 8962580.019162818789482 ] ] ], [ [ [ -10184023.159959090873599, 9106239.574433213099837 ], [ -10018673.89846633374691, 9127445.582193218171597 ], [ -9888828.104110551998019, 9131060.533230278640985 ], [ -9670660.082478942349553, 9149085.250643614679575 ], [ -9507176.673905344679952, 9190523.531121127307415 ], [ -9369295.36934675835073, 9184711.032334286719561 ], [ -9249204.160648498684168, 9153576.418665355071425 ], [ -9164695.923547117039561, 9213621.745026864111423 ], [ -9017918.459107875823975, 9231412.952837681397796 ], [ -8818505.706360334530473, 9243706.677434956654906 ], [ -8478622.472342485561967, 9248321.160765837877989 ], [ -8419553.438509596511722, 9236309.982787609100342 ], [ -8098505.533810963854194, 9255124.185047548264265 ], [ -7857683.188908498734236, 9248067.858444631099701 ], [ -7616860.844006036408246, 9241011.531841715797782 ], [ -7319675.396783660165966, 9232303.625178709626198 ], [ -7080900.708705173805356, 9218069.546979568898678 ], [ -6877413.76936895493418, 9187891.210730470716953 ], [ -6882293.008111070841551, 9158207.692448610439897 ], [ -7153622.270631888881326, 9109960.160766649991274 ], [ -7422649.795642182230949, 9087445.387282060459256 ], [ -7523184.575129644013941, 9062553.263653753325343 ], [ -7281086.267041998915374, 9063127.030105650424957 ], [ -7543472.111786416731775, 8995679.449344355612993 ], [ -7724686.682844469323754, 8964192.34737067297101 ], [ -7914863.574837222695351, 8873364.89564498886466 ], [ -8144236.721538180485368, 8854923.196798589080572 ], [ -8215090.206644758582115, 8832240.741180382668972 ], [ -8551758.791801290586591, 8820334.864913383498788 ], [ -8398477.528956709429622, 8806387.669940192252398 ], [ -8475337.770600413903594, 8786529.346171854063869 ], [ -8383378.353277766145766, 8731681.276392083615065 ], [ -8489023.657208884134889, 8693558.053904965519905 ], [ -8660816.671780621632934, 8662084.295337142422795 ], [ -8713543.140028955414891, 8618571.448833836242557 ], [ -8868862.608118364587426, 8585334.136791767552495 ], [ -8853310.868590733036399, 8560168.473343366757035 ], [ -8663305.216973159462214, 8564470.053806876763701 ], [ -8660883.388809913769364, 8537328.454340986907482 ], [ -8958012.12655739299953, 8470629.772233476862311 ], [ -9248580.356424631550908, 8501309.598152743652463 ], [ -9575210.252573909237981, 8484072.141685035079718 ], [ -9740686.276422318071127, 8497525.630641479045153 ], [ -9950920.531320789828897, 8503351.139249034225941 ], [ -9964866.61434349603951, 8556695.851968791335821 ], [ -9759299.215643897652626, 8581848.172011334449053 ], [ -9814075.008641939610243, 8662094.302891537547112 ], [ -9746246.028863199055195, 8669902.6416096072644 ], [ -9448948.274641517549753, 8621922.86760520003736 ], [ -9600580.514912135899067, 8693228.916560467332602 ], [ -9780929.988490387797356, 8714557.238874170929193 ], [ -9690868.670651054009795, 8757574.155459750443697 ], [ -9493686.490582793951035, 8784064.151939569041133 ], [ -9462137.119381772354245, 8822818.962303968146443 ], [ -9619187.894381273537874, 8866275.099332377314568 ], [ -9666384.632851906120777, 8923563.900433696806431 ], [ -9362449.646166302263737, 8918772.505780147388577 ], [ -9274634.023532889783382, 8906723.410290269181132 ], [ -9101117.930484674870968, 8947245.109980383887887 ], [ -9351503.605560695752501, 8960097.033722721040249 ], [ -9740569.521621059626341, 8953010.573261577636003 ], [ -9937126.785514967516065, 8990752.396731248125434 ], [ -10029793.403348095715046, 9035709.666918694972992 ], [ -10159653.653060223907232, 9068300.935727134346962 ], [ -10184023.159959090873599, 9106239.574433213099837 ] ] ], [ [ [ -8363643.456013616174459, 7499466.67121684923768 ], [ -8435910.230190668255091, 7466620.765746616758406 ], [ -8560558.767964715138078, 7461046.557949389331043 ], [ -8588305.268496174365282, 7515460.96703877300024 ], [ -8541076.283461382612586, 7577782.456049577333033 ], [ -8439171.580972487106919, 7593199.649568137712777 ], [ -8352360.494410094805062, 7562415.300302984192967 ], [ -8351118.445714800618589, 7514786.013092450797558 ], [ -8363643.456013616174459, 7499466.67121684923768 ] ] ], [ [ [ -10703346.40325091406703, 7726947.278186932206154 ], [ -10635548.558085842058063, 7684432.9632220081985 ], [ -10704694.08724258095026, 7645442.419354115612805 ], [ -10854571.669642856344581, 7679133.407195360399783 ], [ -10945128.917399914935231, 7666976.452508131042123 ], [ -11096976.876065237447619, 7716939.723793346434832 ], [ -10999125.23310574516654, 7751410.188926805742085 ], [ -10921384.326675403863192, 7799614.354539725929499 ], [ -10803421.947186756879091, 7768089.446249444968998 ], [ -10736704.917896194383502, 7748074.337462277151644 ], [ -10703346.40325091406703, 7726947.278186932206154 ] ] ], [ [ [ -7174206.698069003410637, 5545635.117482435889542 ], [ -7135744.330682993866503, 5554991.068889949470758 ], [ -6989530.625141258351505, 5527106.686497957445681 ], [ -6875810.892740248702466, 5480642.723399032838643 ], [ -6872555.101710868999362, 5460239.54389149043709 ], [ -6926693.191103940829635, 5458250.26446814276278 ], [ -7070810.86997546441853, 5493112.136173439212143 ], [ -7174206.698069003410637, 5545635.117482435889542 ] ] ], [ [ [ -7118135.482752236537635, 5230171.428135421127081 ], [ -7079177.185448501259089, 5176130.634410064667463 ], [ -6998538.536045974120498, 5161214.930561671033502 ], [ -6895436.262881312519312, 5164247.219542927108705 ], [ -6950125.323741274885833, 5118685.048289912752807 ], [ -6991314.193724293261766, 5111434.01915651652962 ], [ -7132361.777297961525619, 5158632.981528126634657 ], [ -7160139.412443088367581, 5195863.307773237116635 ], [ -7118135.482752236537635, 5230171.428135421127081 ] ] ] ] } },
{ "type": "Feature", "properties": { "ADMIN": "China", "geo_cluster": 1, "resource_level": "Higher_Resource", "average_hours": 39.347517730496456, "average_capital_gain": 0.64282011393932836, "income_rate": 31.205673758865249, "average_education_num": 11.156028368794326 }, "geometry": { "type": "MultiPolygon", "coordinates": [ [ [ [ 12173101.320267708972096, 2023494.251063204370439 ], [ 12081921.157847175374627, 2057962.603490734938532 ], [ 12078697.502186903730035, 2153613.251653932966292 ], [ 12133498.758851123973727, 2204001.399220679886639 ], [ 12254984.131071459501982, 2235159.919825105462223 ], [ 12318915.946779238060117, 2232522.373267151415348 ], [ 12343768.040189974009991, 2190089.897858157753944 ], [ 12294908.490959320217371, 2141158.4054309213534 ], [ 12269171.3961550462991, 2076945.04385953466408 ], [ 12173101.320267708972096, 2023494.251063204370439 ] ] ], [ [ [ 8924513.506150599569082, 4709110.206230580806732 ], [ 8915635.693453000858426, 4772499.056514985859394 ], [ 8991921.723864614963531, 4801442.460551915690303 ], [ 8891835.060423886403441, 4994605.495580663904548 ], [ 9112108.560304855927825, 5039029.029533786699176 ], [ 9169024.302017390727997, 5063783.604886707849801 ], [ 9249257.979052126407623, 5262865.1075838226825 ], [ 9469847.384066786617041, 5226273.596894169226289 ], [ 9531693.403048846870661, 5276535.204495362006128 ], [ 9537002.855434836819768, 5388039.597938778810203 ], [ 9629355.124864960089326, 5398428.662544856779277 ], [ 9713996.128854628652334, 5472462.214852569624782 ], [ 9757506.084286665543914, 5481604.338181206956506 ], [ 9786702.345864605158567, 5404019.660794454626739 ], [ 9880158.003764145076275, 5345043.919607523828745 ], [ 10038780.854363827034831, 5303286.509339901618659 ], [ 10115503.547732146456838, 5213729.683437054976821 ], [ 10072688.894940365105867, 5083806.052547099068761 ], [ 10112693.760043572634459, 5035587.097992685623467 ], [ 10244832.507501024752855, 5016573.078230021521449 ], [ 10394594.780635675415397, 5001049.804634888656437 ], [ 10528940.082641864195466, 4931759.721914685331285 ], [ 10597652.618278509005904, 4919416.960300882346928 ], [ 10648310.858618834987283, 4816908.246306809596717 ], [ 10713575.79176688939333, 4750879.069588231854141 ], [ 10836152.876976514235139, 4753464.910448485985398 ], [ 11065666.129438983276486, 4728535.091698626056314 ], [ 11213560.992923790588975, 4744003.76852479018271 ], [ 11323329.854045262560248, 4727443.378709335811436 ], [ 11487813.795668121427298, 4659902.950082276947796 ], [ 11622360.249517619609833, 4660000.690530187450349 ], [ 11671587.631969761103392, 4625426.0356359872967 ], [ 11801054.473599173128605, 4685128.658857038244605 ], [ 11980685.29357691667974, 4723734.245465925894678 ], [ 12147346.990230867639184, 4727951.873667578212917 ], [ 12277279.183139584958553, 4767068.957501025870442 ], [ 12357070.41507507301867, 4826625.025647736154497 ], [ 12434896.496912807226181, 4864018.141444316133857 ], [ 12416899.467066630721092, 4900718.956866957247257 ], [ 12381388.216276239603758, 4943447.433495904318988 ], [ 12439757.722057016566396, 5015127.87618053983897 ], [ 12502333.40294941700995, 5005072.174330816604197 ], [ 12616624.677901349961758, 4982527.044597900472581 ], [ 12727422.204419432207942, 5041563.164696339517832 ], [ 12896968.411834763363004, 5084642.128119158558547 ], [ 12978449.030146937817335, 5158138.385950985364616 ], [ 13056711.774941379204392, 5189776.824386108666658 ], [ 13218236.482730053365231, 5204530.0722681786865 ], [ 13305963.149324411526322, 5191994.832024873234332 ], [ 13318145.011702576652169, 5231511.217278624884784 ], [ 13217374.498711621388793, 5309236.667597180232406 ], [ 13128148.144493861123919, 5344782.3888527052477 ], [ 13042679.626950889825821, 5303749.080742983147502 ], [ 12932979.706759685650468, 5321062.261038932949305 ], [ 12870030.410503257066011, 5306955.501170687377453 ], [ 12841391.569705037400126, 5352416.262539179064333 ], [ 12919953.09559565410018, 5463524.023243464529514 ], [ 12974104.973174780607224, 5547357.639983668923378 ], [ 13107588.291162533685565, 5505376.17169267963618 ], [ 13264286.244272135198116, 5575640.323040524497628 ], [ 13263277.593984311446548, 5624570.25873707793653 ], [ 13363652.252601476386189, 5742507.063364495523274 ], [ 13425490.043149922043085, 5778151.748213467188179 ], [ 13424110.001399047672749, 5839544.313786449842155 ], [ 13363097.278112825006247, 5865970.92908844165504 ], [ 13454943.943655971437693, 5921292.133800933137536 ], [ 13593121.916604807600379, 5941343.380978967063129 ], [ 13740535.639113381505013, 5944353.875730655156076 ], [ 13906965.827675694599748, 5911244.993969969451427 ], [ 14004610.425454288721085, 5870297.862023081630468 ], [ 14073334.525376012548804, 5758152.762708377093077 ], [ 14115005.759480798617005, 5710298.750304182991385 ], [ 14153734.883788924664259, 5642014.204410437494516 ], [ 14194870.824928702786565, 5533095.651827273890376 ], [ 14388396.689401745796204, 5497549.930571749806404 ], [ 14520104.444849979132414, 5418499.924831678159535 ], [ 14565134.770184498280287, 5314025.838349754922092 ], [ 14734087.863209433853626, 5313895.740142638795078 ], [ 14830483.518199710175395, 5357760.185390305705369 ], [ 15014257.243306299671531, 5390539.151441150344908 ], [ 14955824.133957600221038, 5290488.070416043512523 ], [ 14912629.305293910205364, 5249794.018400264903903 ], [ 14874522.094893824309111, 5127973.949082989245653 ], [ 14799740.755882814526558, 5019799.291376415640116 ], [ 14664787.105764545500278, 5039488.821060647256672 ], [ 14569352.398386150598526, 5000214.507428171113133 ], [ 14598637.282418001443148, 4904982.61981881968677 ], [ 14582639.984329756349325, 4773602.333789353258908 ], [ 14525839.107102651149035, 4770602.847347498871386 ], [ 14526521.177532095462084, 4714116.763303593732417 ], [ 14454718.865073958411813, 4779762.205908702686429 ], [ 14410507.936054173856974, 4717447.944576071575284 ], [ 14238772.298127627000213, 4669556.570635475218296 ], [ 14256142.966263819485903, 4610899.736848552711308 ], [ 14159998.167303673923016, 4614945.012724538333714 ], [ 14107213.877629956230521, 4649795.431339805945754 ], [ 14030818.653680404648185, 4570932.233281747438014 ], [ 13908270.256793374195695, 4511163.56020169891417 ], [ 13817722.238225368782878, 4439850.728348454460502 ], [ 13662265.444250667467713, 4407525.771681932732463 ], [ 13580405.650822024792433, 4355560.322347707115114 ], [ 13460667.041623566299677, 4325206.186726428568363 ], [ 13519760.649562245234847, 4376732.082032677717507 ], [ 13496494.419937746599317, 4420032.212407595477998 ], [ 13584542.885003382340074, 4494775.52271191123873 ], [ 13525805.65719616599381, 4553035.834954749792814 ], [ 13428873.597290394827724, 4513783.76033203676343 ], [ 13303331.384908996522427, 4436466.28464759234339 ], [ 13234819.889920616522431, 4364665.084139942191541 ], [ 13125769.237619454041123, 4359321.161288815550506 ], [ 13069054.536555184051394, 4307433.326098666526377 ], [ 13127653.993696913123131, 4232247.681890153326094 ], [ 13218661.692596733570099, 4213994.903431694954634 ], [ 13222385.17000144161284, 4164083.782624375075102 ], [ 13310358.911994269117713, 4131606.488740972708911 ], [ 13434970.199426963925362, 4211004.090203647501767 ], [ 13533689.386157333850861, 4167715.301723708864301 ], [ 13605596.777936605736613, 4164753.176818256732076 ], [ 13623616.825157888233662, 4106501.426594177260995 ], [ 13466183.427995407953858, 4075446.317385151982307 ], [ 13414238.104965019971132, 4015413.333674063440412 ], [ 13306106.813327485695481, 3959632.448629760183394 ], [ 13249024.390236772596836, 3881803.47572075529024 ], [ 13368705.511594992130995, 3820698.794129162561148 ], [ 13412387.819352693855762, 3711326.343356725294143 ], [ 13480066.129840288311243, 3609426.755840075667948 ], [ 13555582.245733885094523, 3524012.835066075902432 ], [ 13553777.88367672264576, 3441414.706513283774257 ], [ 13483984.976945765316486, 3411049.006606927141547 ], [ 13510589.726715963333845, 3351742.904929959680885 ], [ 13576038.576474763453007, 3317228.517752218060195 ], [ 13558949.454202180728316, 3226660.372880375478417 ], [ 13530707.134948045015335, 3138537.295936983078718 ], [ 13468573.787959840148687, 3128547.532751209568232 ], [ 13387380.497653810307384, 3008182.673037810251117 ], [ 13297315.176792720332742, 2862247.399898314382881 ], [ 13194056.563389420509338, 2729548.340589871630073 ], [ 13041133.90457727573812, 2626927.541986590251327 ], [ 12886475.935833282768726, 2533342.675440326333046 ], [ 12761169.345760332420468, 2520577.595031113829464 ], [ 12693198.036319106817245, 2471172.078110767528415 ], [ 12654750.457874590530992, 2507263.767055986449122 ], [ 12591847.196368372067809, 2452002.830059954430908 ], [ 12436453.672376450151205, 2396308.232373533304781 ], [ 12318795.300151271745563, 2379256.471637353301048 ], [ 12280830.308218622580171, 2261822.157435542438179 ], [ 12219208.458454977720976, 2255308.796256002038717 ], [ 12190052.449484709650278, 2336010.826836356427521 ], [ 12216387.106481328606606, 2379023.740400177892298 ], [ 12067199.489358967170119, 2414624.058424672111869 ], [ 12014645.039851155132055, 2396517.946235603187233 ], [ 11902698.312503540888429, 2425375.174109699670225 ], [ 11849753.123594185337424, 2470554.389614586252719 ], [ 11867336.396663714200258, 2534609.743021602742374 ], [ 11765686.775616804137826, 2554916.627616869285703 ], [ 11712086.536674864590168, 2596633.785276819486171 ], [ 11617309.32562012784183, 2537376.498226282652467 ], [ 11509189.598267670720816, 2524545.367958072107285 ], [ 11420508.989349506795406, 2525105.568614015355706 ], [ 11360846.618736127391458, 2497969.306510469410568 ], [ 11303201.103918202221394, 2481673.227326054126024 ], [ 11320002.898184640333056, 2354484.772246913518757 ], [ 11260725.48483026586473, 2357518.729153901804239 ], [ 11250715.595340656116605, 2383640.781217182986438 ], [ 11247382.857337495312095, 2429610.037543918006122 ], [ 11165821.845005026087165, 2397236.155055916402489 ], [ 11117668.94030961021781, 2417706.941153139807284 ], [ 11035096.609008144587278, 2459447.004993146751076 ], [ 11067464.709353607147932, 2551819.51192215224728 ], [ 10997051.223055198788643, 2573356.10256229294464 ], [ 10970532.649447835981846, 2675718.261482024099678 ], [ 10853161.605228800326586, 2657273.115589110646397 ], [ 10866492.66843649558723, 2789176.240738117601722 ], [ 10971819.843332948163152, 2882031.445374040864408 ], [ 10976296.111218148842454, 2973748.791075413580984 ], [ 10973026.532002715393901, 3058843.693254355806857 ], [ 10924494.452190831303596, 3085353.593647913075984 ], [ 10887328.28548888862133, 3150816.787568008992821 ], [ 10822293.192506741732359, 3142548.101347834337503 ], [ 10702393.684072643518448, 3159165.979003528133035 ], [ 10739950.701371179893613, 3205862.228559433016926 ], [ 10687810.008640019223094, 3275005.756205294281244 ], [ 10608541.615824069827795, 3228183.189073933288455 ], [ 10515269.874535277485847, 3255506.147664444055408 ], [ 10387101.791076052933931, 3184696.139821952674538 ], [ 10285888.832985851913691, 3101994.488678711466491 ], [ 10196214.251526307314634, 3088080.207439969293773 ], [ 10147532.725568812340498, 3117977.442605657037348 ], [ 10088783.933476518839598, 3120683.930093877017498 ], [ 10009314.500012306496501, 3146423.915969420690089 ], [ 9949267.060944871976972, 3118215.955985370557755 ], [ 9875704.642059000208974, 3035548.775307262782007 ], [ 9866372.931172128766775, 3123120.324808519799262 ], [ 9798556.738824002444744, 3099733.448556054849178 ], [ 9668911.762726383283734, 3110599.428726511076093 ], [ 9543128.257089054211974, 3136098.010151071939617 ], [ 9452873.237474681809545, 3184934.653201666194946 ], [ 9366468.235230568796396, 3206853.421224593184888 ], [ 9329152.622383017092943, 3260263.961413252167404 ], [ 9266674.570743476971984, 3276221.118088870774955 ], [ 9154411.827067121863365, 3348668.695415298920125 ], [ 9065265.755674608051777, 3382855.501979222986847 ], [ 9019170.070577368140221, 3356253.643280294723809 ], [ 8864621.295371314510703, 3434005.002045224886388 ], [ 8755375.162174334749579, 3504412.706201093737036 ], [ 8724190.733123533427715, 3626978.338320690672845 ], [ 8803993.529344100505114, 3612035.502880386076868 ], [ 8807636.612728511914611, 3668813.362732387147844 ], [ 8763402.555138574913144, 3725723.322302385233343 ], [ 8774653.603763084858656, 3816429.349034761544317 ], [ 8655139.163783043622971, 3946758.174682609271258 ], [ 8472267.452912461012602, 3991724.674059107434005 ], [ 8439359.167019842192531, 4077167.283155702520162 ], [ 8357200.592495027929544, 4129009.194790691602975 ], [ 8337404.98273422382772, 4160917.614804342389107 ], [ 8320723.946290802210569, 4224300.682946207933128 ], [ 8324596.86984112020582, 4267537.65453339740634 ], [ 8257067.89430408924818, 4292852.430542262271047 ], [ 8220522.30716959759593, 4281655.978686720132828 ], [ 8192337.364560652524233, 4384558.323153606615961 ], [ 8223987.256085802800953, 4409996.52566665969789 ], [ 8208668.025405248627067, 4436012.275263271294534 ], [ 8314816.820517415180802, 4488546.598467246629298 ], [ 8391648.818618720397353, 4510301.576183265075088 ], [ 8509353.225594110786915, 4495387.429065554402769 ], [ 8551397.852672828361392, 4566389.915537549182773 ], [ 8694029.187326805666089, 4579603.223188544623554 ], [ 8733666.219208525493741, 4623739.540330570191145 ], [ 8908883.930088797584176, 4683973.675884971395135 ], [ 8924513.506150599569082, 4709110.206230580806732 ] ] ] ] } },
{ "type": "Feature", "properties": { "ADMIN": "Colombia", "geo_cluster": 0, "resource_level": "Low_Resource", "average_hours": 40.121951219512198, "average_capital_gain": 0.29906743987138995, "income_rate": 4.8780487804878048, "average_education_num": 9.3048780487804876 }, "geometry": { "type": "Polygon", "coordinates": [ [ [ -7436316.334312158636749, 139367.537581083946861 ], [ -7457301.286315114237368, 125662.859009362771758 ], [ -7478978.761082106269896, 191255.372771234164247 ], [ -7509870.079984222538769, 226522.439234421472065 ], [ -7546648.398355891928077, 188192.61634660200798 ], [ -7763301.721032507717609, 190677.82568767547491 ], [ -7761925.571108340285718, 121100.414961327565834 ], [ -7696769.831498224288225, 109602.402133391791722 ], [ -7700527.779368063434958, 67011.807364979307749 ], [ -7722762.563719728030264, 78521.384477992090979 ], [ -7785384.27936234138906, 60202.556160535532399 ], [ -7785950.26216082368046, -20588.430458872724557 ], [ -7736625.139260772615671, -61156.387289292972127 ], [ -7719214.329711959697306, -124829.674508572439663 ], [ -7721840.311984837055206, -173051.408939206157811 ], [ -7771826.155864961445332, -477937.113292201189324 ], [ -7827469.159048730507493, -418826.270120956818573 ], [ -7860676.22603752464056, -416188.834758052020334 ], [ -7788958.421816485002637, -303023.85445559292566 ], [ -7874107.920764397829771, -250952.213849747175118 ], [ -7940843.85321325995028, -260507.982759985839948 ], [ -7980998.05326703004539, -241269.904973954136949 ], [ -8042269.416236802004278, -270672.989342696149834 ], [ -8125065.805561633780599, -256744.252747607504716 ], [ -8190572.143160671927035, -140160.358279153471813 ], [ -8242043.330502902157605, -111510.064390906671179 ], [ -8277537.457255776040256, -59024.555813361810578 ], [ -8351484.833400654606521, -6360.912767611172967 ], [ -8381129.211025332100689, -16905.205661838332162 ], [ -8428747.712316129356623, 9429.451334781837431 ], [ -8483327.579638155177236, 46262.366475418682967 ], [ -8514914.312375577166677, 28570.011063000511058 ], [ -8609274.875582391396165, 43998.435281492216745 ], [ -8636365.214130776003003, 91835.212453119384008 ], [ -8657097.308592721819878, 90059.649913599845604 ], [ -8768314.374029994010925, 153551.911593404278392 ], [ -8783400.873473370447755, 188071.969718634907622 ], [ -8741913.555979326367378, 196415.379011615179479 ], [ -8746838.051106313243508, 252118.649911843851442 ], [ -8720761.922598192468286, 292393.607788629713468 ], [ -8665601.728316390886903, 299849.235811850288883 ], [ -8618776.158918710425496, 369725.427634371095337 ], [ -8576217.254739210009575, 428060.462950014916714 ], [ -8617201.748222501948476, 454521.548717140743975 ], [ -8596222.467167036607862, 519056.708759805420414 ], [ -8621310.294081263244152, 620781.052879518596455 ], [ -8597469.408444475382566, 649974.423386190785095 ], [ -8615021.102120138704777, 744018.970264267059974 ], [ -8660045.08933687582612, 803247.568992209271528 ], [ -8645794.6654655598104, 857296.035175934201106 ], [ -8609955.834061350673437, 849314.565766855375841 ], [ -8588990.89716718159616, 882363.624591277795844 ], [ -8614805.606115531176329, 947858.397905238554813 ], [ -8601310.752600928768516, 964117.22674830025062 ], [ -8543857.716412506997585, 960586.116778048337437 ], [ -8460429.183235144242644, 1038208.266896252403967 ], [ -8414640.841252835467458, 1050042.422356763854623 ], [ -8413540.455049736425281, 1086820.740728431381285 ], [ -8393049.65384372510016, 1180779.111443673959002 ], [ -8329275.846300316043198, 1232379.729822728317231 ], [ -8259207.175848290324211, 1234491.434994823299348 ], [ -8250363.833615825511515, 1257668.597385218832642 ], [ -8163358.266913051716983, 1248388.481000998988748 ], [ -8075855.658342060633004, 1304537.199266791110858 ], [ -8032529.619520769454539, 1329397.965891333995387 ], [ -7978699.540412921458483, 1382966.514244362246245 ], [ -7939306.692858406342566, 1376154.483163698110729 ], [ -7910133.448655569925904, 1346903.624816787429154 ], [ -7931718.965117190033197, 1309464.474269996862859 ], [ -8003143.770384593866765, 1290826.849747580243275 ], [ -8031348.728102325461805, 1235232.66119024134241 ], [ -8074390.441183792427182, 1203350.03842791588977 ], [ -8106706.835831555537879, 1162026.511240779887885 ], [ -8120307.991812827065587, 1082680.615475805243477 ], [ -8151147.716212291270494, 1017657.086778733530082 ], [ -8093746.385721569880843, 1010210.020774271921255 ], [ -8079487.288636443205178, 959089.320225914358161 ], [ -8054953.991430670022964, 934624.963950406410731 ], [ -8046173.919180981814861, 889853.723079631803557 ], [ -8059381.444689440540969, 848696.877270673634484 ], [ -8055468.268531449139118, 825488.135486413841136 ], [ -8028099.275190728716552, 816219.583387271035463 ], [ -8001615.283243548125029, 777432.971238908939995 ], [ -7858624.899776936508715, 788126.599083698238246 ], [ -7794029.360822763293982, 773959.349108895752579 ], [ -7715766.616028320975602, 678274.34167561319191 ], [ -7670825.913903149776161, 690165.984976363368332 ], [ -7590735.789676437154412, 684212.935647815116681 ], [ -7527358.503677110187709, 696894.73096546321176 ], [ -7488034.708247911185026, 677785.861826157546602 ], [ -7508060.046979570761323, 617896.430923092411831 ], [ -7532874.890048952773213, 580563.694038020446897 ], [ -7541583.130297103896737, 500815.494586423563305 ], [ -7519213.355156172066927, 426931.388424320903141 ], [ -7487603.716238693334162, 393890.891618657391518 ], [ -7483779.607314807362854, 368995.654528981132898 ], [ -7540129.366228861734271, 313642.870422625506762 ], [ -7499782.687545587308705, 289138.37273449433269 ], [ -7470227.265959965996444, 250259.802280759991845 ], [ -7436316.334312158636749, 139367.537581083946861 ] ] ] } },
{ "type": "Feature", "properties": { "ADMIN": "Cuba", "geo_cluster": 1, "resource_level": "Higher_Resource", "average_hours": 40.526315789473685, "average_capital_gain": 0.52941812625680262, "income_rate": 25.563909774436087, "average_education_num": 9.503759398496241 }, "geometry": { "type": "Polygon", "coordinates": [ [ [ -9147811.066579213365912, 2578458.732157484162599 ], [ -9051772.570085737854242, 2570526.077374835964292 ], [ -8964407.954570332542062, 2569270.574078636243939 ], [ -8859968.560943638905883, 2531388.978432600852102 ], [ -8815708.706102376803756, 2490680.359865426085889 ], [ -8711846.748364193364978, 2503241.397360058501363 ], [ -8672468.356166023761034, 2477113.674349287990481 ], [ -8578300.160393662750721, 2408245.799229445401579 ], [ -8509070.456584967672825, 2358093.385166191030294 ], [ -8472464.490538967773318, 2359621.76111218938604 ], [ -8406147.985814245417714, 2336944.531661277636886 ], [ -8414247.210780020803213, 2305639.45598251093179 ], [ -8332278.223813439719379, 2301059.776701908558607 ], [ -8248229.111068626865745, 2255550.200706985313445 ], [ -8261419.401344518177211, 2229502.871716509573162 ], [ -8335358.215470638126135, 2215387.327439407818019 ], [ -8410201.934904037043452, 2209865.270120076369494 ], [ -8486812.654858196154237, 2218662.688797379378229 ], [ -8646024.50563146546483, 2207831.179092056117952 ], [ -8571482.34717046096921, 2269863.894561080262065 ], [ -8616799.555730929598212, 2298746.919686502311379 ], [ -8688479.998415565118194, 2306179.641529666259885 ], [ -8726901.779608756303787, 2338277.649101552087814 ], [ -8753259.453980481252074, 2401603.340598227456212 ], [ -8816099.445503920316696, 2397273.516592318657786 ], [ -8919786.048650119453669, 2427090.3577377111651 ], [ -8953151.2349983304739, 2450414.075202448293567 ], [ -9098083.751187589019537, 2467646.86147810285911 ], [ -9136896.271782325580716, 2489335.678140074945986 ], [ -9095199.240426210686564, 2517118.428257446736097 ], [ -9204270.019031206145883, 2522809.946831176057458 ], [ -9284170.444504635408521, 2465029.441223985515535 ], [ -9330243.112226769328117, 2463477.936707833781838 ], [ -9346183.033669821918011, 2436347.456746825948358 ], [ -9401211.128233632072806, 2424188.61174376681447 ], [ -9448789.376916758716106, 2434729.902371676173061 ], [ -9390095.181593431159854, 2469080.499242508783937 ], [ -9365998.658539412543178, 2509200.228831144981086 ], [ -9315725.48665314167738, 2533925.893471374642104 ], [ -9258939.064782382920384, 2555600.477167097851634 ], [ -9174751.958981987088919, 2566242.399314186535776 ], [ -9147811.066579213365912, 2578458.732157484162599 ] ] ] } },
{ "type": "Feature", "properties": { "ADMIN": "Dominican Republic", "geo_cluster": 0, "resource_level": "Low_Resource", "average_hours": 41.587628865979383, "average_capital_gain": 0.28756173186099027, "income_rate": 5.1546391752577314, "average_education_num": 7.2783505154639174 }, "geometry": { "type": "Polygon", "coordinates": [ [ [ -7973608.475102806463838, 2006514.322328560287133 ], [ -7971321.526533775031567, 2036721.902875497704372 ], [ -7999940.241028157994151, 2070107.104332496179268 ], [ -7972829.887370985001326, 2088845.360374092590064 ], [ -7964331.249789855442941, 2131591.072235605679452 ], [ -7974059.482220811769366, 2192149.897332552354783 ], [ -7960153.76300082821399, 2211103.649378757923841 ], [ -7873355.130283902399242, 2210589.372277976945043 ], [ -7807489.743872232735157, 2181967.655517275910825 ], [ -7778184.288756352849305, 2184760.319168330170214 ], [ -7757995.159717783331871, 2145315.765916114207357 ], [ -7697157.679828499443829, 2147533.77355487877503 ], [ -7700740.38430140260607, 2114395.647496353369206 ], [ -7651265.926450789906085, 2110379.059942963998765 ], [ -7596617.007003448903561, 2069584.265212955651805 ], [ -7637911.845867991447449, 2024321.653421455994248 ], [ -7690799.546937108971179, 2048507.243709578411654 ], [ -7741842.744536440819502, 2043844.279337411979213 ], [ -7778419.911064796149731, 2049136.496490837307647 ], [ -7798468.267171563580632, 2028855.40914689633064 ], [ -7841156.491192837245762, 2022003.125458560651168 ], [ -7858076.041015973314643, 2048978.488326467573643 ], [ -7894842.906297612003982, 2033015.660703358240426 ], [ -7939349.836537347175181, 1956873.183099769987166 ], [ -7967977.22424553707242, 1974554.196617209119722 ], [ -7973608.475102806463838, 2006514.322328560287133 ] ] ] } },
{ "type": "Feature", "properties": { "ADMIN": "Ecuador", "geo_cluster": 0, "resource_level": "Low_Resource", "average_hours": 40.302325581395351, "average_capital_gain": 0.57880286523630498, "income_rate": 13.953488372093023, "average_education_num": 9.2093023255813957 }, "geometry": { "type": "Polygon", "coordinates": [ [ [ -8381129.211025332100689, -16905.205661838332162 ], [ -8365617.501715275458992, -101345.057808196361293 ], [ -8400229.518145877867937, -173643.300184062303742 ], [ -8521476.376986499875784, -290072.077559415774886 ], [ -8655189.646335206925869, -333921.066695297078695 ], [ -8723327.637154610827565, -430669.209990324743558 ], [ -8744367.185926537960768, -505691.063891929225065 ], [ -8807235.976967619732022, -551430.591247807489708 ], [ -8853903.427005883306265, -495284.764053284714464 ], [ -8898818.331879729405046, -483263.800910759717226 ], [ -8944779.026187704876065, -492118.596233252144884 ], [ -8947787.185843368992209, -451372.61612967500696 ], [ -8916065.462316680699587, -424894.29512998246355 ], [ -8929247.190573813393712, -378603.129136919975281 ], [ -8870061.624329764395952, -295502.176573374774307 ], [ -8894109.332757353782654, -246941.297243847337086 ], [ -8936610.860291661694646, -298576.386088035127614 ], [ -9003214.58182748220861, -249848.936575378902489 ], [ -8980646.545914508402348, -218503.608288939780323 ], [ -8999422.163492508232594, -117583.760347421950428 ], [ -8960471.761037237942219, -100816.436546117460239 ], [ -8940006.868277600035071, -31546.368934701378748 ], [ -8897927.659538699313998, 40068.023890936281532 ], [ -8905679.288781873881817, 85445.500167864447576 ], [ -8844761.303677244111896, 109297.838894680375233 ], [ -8768314.374029994010925, 153551.911593404278392 ], [ -8657097.308592721819878, 90059.649913599845604 ], [ -8636365.214130776003003, 91835.212453119384008 ], [ -8609274.875582391396165, 43998.435281492216745 ], [ -8514914.312375577166677, 28570.011063000511058 ], [ -8483327.579638155177236, 46262.366475418682967 ], [ -8428747.712316129356623, 9429.451334781837431 ], [ -8381129.211025332100689, -16905.205661838332162 ] ] ] } },
{ "type": "Feature", "properties": { "ADMIN": "El Salvador", "geo_cluster": 0, "resource_level": "Low_Resource", "average_hours": 36.571428571428569, "average_capital_gain": 0.52046658249912259, "income_rate": 7.4829931972789119, "average_education_num": 6.6802721088435373 }, "geometry": { "type": "Polygon", "coordinates": [ [ [ -9935647.446585496887565, 1603892.173086647177115 ], [ -9902865.589463381096721, 1594540.224700890947133 ], [ -9878909.839341167360544, 1572354.366170704597607 ], [ -9845346.503415962681174, 1554524.017702703829855 ], [ -9841206.378163335844874, 1539549.491673485608771 ], [ -9792430.114024249836802, 1552797.269789615413174 ], [ -9769543.059516221284866, 1544867.506078236503527 ], [ -9754419.19853643886745, 1532829.307703144848347 ], [ -9762159.263494534417987, 1488287.906998276244849 ], [ -9774502.025108339264989, 1462105.587218536296859 ], [ -9838905.085433006286621, 1463766.174077578354627 ], [ -9878927.07457373291254, 1474416.769438474904746 ], [ -9924907.895185546949506, 1496522.233948366250843 ], [ -9986693.535256097093225, 1503426.223334402777255 ], [ -10018179.636474339291453, 1527301.579436323838308 ], [ -10014746.266951998695731, 1543606.331834547221661 ], [ -9976634.831140058115125, 1571656.172459179069847 ], [ -9955761.852551259100437, 1583953.010517820483074 ], [ -9961668.978324646130204, 1597048.451417069882154 ], [ -9935647.446585496887565, 1603892.173086647177115 ] ] ] } },
{ "type": "Feature", "properties": { "ADMIN": "France", "geo_cluster": 1, "resource_level": "Higher_Resource", "average_hours": 43.111111111111114, "average_capital_gain": 0.70401859834148062, "income_rate": 44.444444444444443, "average_education_num": 12.083333333333334 }, "geometry": { "type": "MultiPolygon", "coordinates": [ [ [ [ -5744091.259225000627339, 462152.42013729782775 ], [ -5809867.689597615972161, 360393.605552451102994 ], [ -5844014.243553867563605, 278510.794748702785 ], [ -5886627.744502336718142, 236273.689040481462143 ], [ -5939868.823436597362161, 228326.690096535952762 ], [ -5955032.937024049460888, 259628.985899082646938 ], [ -5979905.267933669500053, 264277.606109951564576 ], [ -6014324.805734769441187, 234127.513403252844 ], [ -6062882.682797978632152, 257066.162413934449432 ], [ -6034522.49679209664464, 303828.461828837112989 ], [ -6024739.667592172510922, 354687.742817424470559 ], [ -6005303.32903409935534, 402530.30213159014238 ], [ -6048959.728345427662134, 468421.485794585663825 ], [ -6057754.255951462313533, 544495.022467906936072 ], [ -5999867.447877601720393, 640099.635880894376896 ], [ -5962106.498859533108771, 627866.067805030150339 ], [ -5880232.250074543058872, 601548.646040976629592 ], [ -5762499.154776560142636, 507690.795649865118321 ], [ -5744091.259225000627339, 462152.42013729782775 ] ] ], [ [ [ 687888.154401334701106, 5500129.989289464429021 ], [ 740362.20988885127008, 5471014.121731818653643 ], [ 900599.723792414064519, 5450534.884810884483159 ], [ 844379.173525085905567, 5374392.407207296229899 ], [ 830266.631514301639982, 5295172.940212827175856 ], [ 799737.252496086177416, 5276179.046753998845816 ], [ 749073.341208271333016, 5286412.88307192735374 ], [ 752647.483662415761501, 5258158.999532716348767 ], [ 671327.764585879747756, 5195675.276945686899126 ], [ 669684.301764355506748, 5145327.381986611522734 ], [ 722778.936819323222153, 5162749.755820500664413 ], [ 760973.657722829375416, 5113987.835842710919678 ], [ 756388.196299688890576, 5082567.784483466297388 ], [ 789112.565581563860178, 5040816.156358382664621 ], [ 750561.575741646229289, 5006948.257194466888905 ], [ 779206.198682403308339, 4920910.97697679605335 ], [ 839477.695773205836304, 4906804.105913501232862 ], [ 826755.759042934630997, 4858539.22780392691493 ], [ 726019.716517112334259, 4795719.251389273442328 ], [ 506711.723245026019868, 4825826.311612078920007 ], [ 344750.35249964374816, 4789749.078023206442595 ], [ 332028.304574323818088, 4722788.976355927996337 ], [ 203130.3368146615976, 4708374.762177701108158 ], [ 78013.445494993269676, 4758673.731315297074616 ], [ 37589.152667645379552, 4734634.696101516485214 ], [ -167100.694706683163531, 4785169.287547556683421 ], [ -211420.817264404700836, 4828400.588187255896628 ], [ -153918.966449551197002, 4895096.268028446473181 ], [ -132744.426888360845624, 5116631.053348153829575 ], [ -247489.488834518153453, 5233324.141354546882212 ], [ -329501.619480041321367, 5289584.833034498617053 ], [ -499438.677491964015644, 5332353.451076067984104 ], [ -510646.582437534583732, 5413437.547844159416854 ], [ -366478.198623750533443, 5437626.029203550890088 ], [ -179748.019559197709896, 5409018.767799196764827 ], [ -214994.959718549042009, 5534882.778651870787144 ], [ -110024.053758508161991, 5487183.883340776897967 ], [ 148863.594750107557047, 5573893.448823600076139 ], [ 182248.796207105653593, 5665010.341261358000338 ], [ 279496.872441617306322, 5687460.62161763291806 ], [ 295603.36406779877143, 5648357.993140530772507 ], [ 347290.158609686710406, 5646524.942760772071779 ], [ 398988.295046554063447, 5601894.474821800366044 ], [ 476584.536718383722473, 5549466.565279543399811 ], [ 533649.724576530512422, 5558125.990901263430715 ], [ 630926.489133637049235, 5507433.391290853731334 ], [ 655801.599919477361254, 5497779.770737655460835 ], [ 687888.154401334701106, 5500129.989289464429021 ] ] ], [ [ [ 972512.897714224876836, 4740036.106792880222201 ], [ 1044121.619592372677289, 4782497.38171951752156 ], [ 1063026.445817098021507, 4687148.405723762698472 ], [ 1026302.724214399931952, 4601251.898437893018126 ], [ 975816.947394790942781, 4623891.766352402977645 ], [ 950074.181643026997335, 4698715.470677014440298 ], [ 972512.897714224876836, 4740036.106792880222201 ] ] ] ] } },
{ "type": "Feature", "properties": { "ADMIN": "Germany", "geo_cluster": 1, "resource_level": "Higher_Resource", "average_hours": 41.191709844559583, "average_capital_gain": 1.1209423782552481, "income_rate": 30.051813471502591, "average_education_num": 11.041450777202073 }, "geometry": { "type": "Polygon", "coordinates": [ [ [ 1570039.174059273209423, 5977515.463944481685758 ], [ 1596017.562119482085109, 5920932.973793252371252 ], [ 1565017.049679426243529, 5891254.125703441910446 ], [ 1605389.636809073854238, 5851622.764769213274121 ], [ 1632902.182957818964496, 5792144.199571529403329 ], [ 1624236.975193560589105, 5753808.705736218951643 ], [ 1669815.6033137999475, 5682809.11033549439162 ], [ 1620191.699317575665191, 5671207.574917109683156 ], [ 1590869.008969128830358, 5683987.110682669095695 ], [ 1562982.958651405759156, 5662821.13314023707062 ], [ 1483134.238875677576289, 5641284.431305047124624 ], [ 1441848.073224944528192, 5613579.295331750065088 ], [ 1361039.740177920786664, 5589367.907792302779853 ], [ 1380507.769324907334521, 5556318.848967880010605 ], [ 1392275.874926421092823, 5509427.229711202904582 ], [ 1449019.264313289662823, 5482701.833313037641346 ], [ 1511801.879191540181637, 5434899.526606542989612 ], [ 1472595.728123988956213, 5383632.270983844064176 ], [ 1432648.462056068703532, 5369513.946830522269011 ], [ 1448410.137835866771638, 5297063.478432823903859 ], [ 1438044.090604894328862, 5278167.214226858690381 ], [ 1403366.024315293878317, 5300933.51091187261045 ], [ 1350058.784326986875385, 5304346.642935328185558 ], [ 1270560.662540180841461, 5284407.480366501957178 ], [ 1172496.637037445791066, 5289148.058882742188871 ], [ 1156660.238184842281044, 5259802.462354240007699 ], [ 1100393.764362352201715, 5290682.328166328370571 ], [ 1066830.428437148453668, 5284551.144369574263692 ], [ 947672.257393517880701, 5318551.254446533508599 ], [ 924842.690725726424716, 5294394.352481006644666 ], [ 830266.631514301639982, 5295172.940212827175856 ], [ 844379.173525085905567, 5374392.407207296229899 ], [ 900599.723792414064519, 5450534.884810884483159 ], [ 740362.20988885127008, 5471014.121731818653643 ], [ 687888.154401334701106, 5500129.989289464429021 ], [ 694163.002201161114499, 5548880.456177226267755 ], [ 671959.797243358916603, 5573991.189271510578692 ], [ 684589.886863306863233, 5649122.236711054109037 ], [ 665909.118661948945373, 5765642.972391780465841 ], [ 732708.321093588951044, 5765688.89594694133848 ], [ 760893.263702534139156, 5807543.935467424802482 ], [ 788601.179552051820792, 5909354.455749972723424 ], [ 767817.379392406437546, 5946951.614461133256555 ], [ 789532.104500752873719, 5970499.389949236996472 ], [ 882470.483033191645518, 5976544.397583157755435 ], [ 903093.495152246556245, 5952025.444538679905236 ], [ 978598.046760768163949, 6006843.93643546756357 ], [ 953177.07948028226383, 6048526.512435234151781 ], [ 948074.449885091278702, 6111585.002229602076113 ], [ 1032117.891682414570823, 6096920.710386585444212 ], [ 1103266.822033701464534, 6113848.933423528447747 ], [ 1105232.083326503867283, 6070876.272467379458249 ], [ 1217598.238398257410154, 6044963.93426616769284 ], [ 1216414.567103594075888, 6005499.254710115492344 ], [ 1329476.024815603625029, 6026380.906512720510364 ], [ 1391988.546920276479796, 6056835.562458130531013 ], [ 1517530.759301671991125, 6012929.085482010617852 ], [ 1570039.174059273209423, 5977515.463944481685758 ] ] ] } },
{ "type": "Feature", "properties": { "ADMIN": "Greece", "geo_cluster": 1, "resource_level": "Higher_Resource", "average_hours": 46.693877551020407, "average_capital_gain": 1.2598042390691859, "income_rate": 36.734693877551024, "average_education_num": 9.7551020408163271 }, "geometry": { "type": "MultiPolygon", "coordinates": [ [ [ [ 2923318.167000018060207, 3925184.111311017069966 ], [ 2909418.22992257354781, 3892382.127885067369789 ], [ 2749295.580504438839853, 3882929.770370228216052 ], [ 2750410.310868835542351, 3901277.287010280415416 ], [ 2614749.126654939725995, 3922960.432724762242287 ], [ 2635320.43307629507035, 3970219.662812830880284 ], [ 2696109.098339147865772, 3932748.93287217663601 ], [ 2782657.76458633178845, 3939084.159583510365337 ], [ 2865408.34155105240643, 3931191.75740853510797 ], [ 2862719.089295398909599, 3911841.595013294368982 ], [ 2923318.167000018060207, 3925184.111311017069966 ] ] ], [ [ [ 2552190.680995105300099, 4596580.260851919651031 ], [ 2634441.325020343065262, 4593365.278405455872416 ], [ 2723460.856447302736342, 4623923.345746266655624 ], [ 2801803.995262040290982, 4585070.68373890593648 ], [ 2902873.289349169004709, 4595568.94188292324543 ], [ 2904085.76016147620976, 4650944.743364383466542 ], [ 2958254.872973168734461, 4621501.406387969851494 ], [ 2923829.55302953068167, 4551909.540305276401341 ], [ 2897402.937727537937462, 4539440.349920966662467 ], [ 2829655.686309678480029, 4542600.735598460771143 ], [ 2771630.885180236306041, 4553110.55802755523473 ], [ 2636969.566845308523625, 4524207.295403247699142 ], [ 2714048.64034508774057, 4461700.555441114120185 ], [ 2657558.108499230351299, 4443577.208019479177892 ], [ 2595625.913354336749762, 4443465.123410270549357 ], [ 2536802.509384285658598, 4500731.351916679181159 ], [ 2515932.421866758260876, 4476330.265623948536813 ], [ 2540778.844330003950745, 4409919.022717634215951 ], [ 2596407.392157427035272, 4357735.186307530850172 ], [ 2554494.864796704147011, 4333371.461551202461123 ], [ 2616421.27779905917123, 4282121.441161070019007 ], [ 2671463.827719213441014, 4249873.98744357470423 ], [ 2673130.196720794308931, 4187051.231152700260282 ], [ 2570273.887004117947072, 4216517.474309170618653 ], [ 2603072.979358798358589, 4159805.775511214975268 ], [ 2532464.123359618708491, 4148132.408091294113547 ], [ 2574635.179208842106164, 4050002.332729560788721 ], [ 2500779.761369334068149, 4048611.727449047844857 ], [ 2409599.598948799539357, 4096980.016954023391008 ], [ 2367899.787716464605182, 4185936.389593254774809 ], [ 2348443.211659506428987, 4259918.236203267239034 ], [ 2305076.920230542309582, 4311030.374732866883278 ], [ 2248109.472820306196809, 4374439.351321106776595 ], [ 2240582.012795549817383, 4406103.587007555179298 ], [ 2292285.931374955456704, 4460034.18643953371793 ], [ 2298957.300718865823001, 4496171.798939914442599 ], [ 2335094.913219245616347, 4512295.525798662565649 ], [ 2337324.373948039021343, 4541509.022609169594944 ], [ 2410059.390475660562515, 4551355.121791871264577 ], [ 2452448.833400761708617, 4575661.358707960695028 ], [ 2512708.766206487081945, 4573506.509856924414635 ], [ 2530996.12632512813434, 4592889.25240146741271 ], [ 2552190.680995105300099, 4596580.260851919651031 ] ] ] ] } },
{ "type": "Feature", "properties": { "ADMIN": "Guatemala", "geo_cluster": 0, "resource_level": "Low_Resource", "average_hours": 38.654761904761905, "average_capital_gain": 0.30109414684869862, "income_rate": 3.5714285714285712, "average_education_num": 6.5 }, "geometry": { "type": "Polygon", "coordinates": [ [ [ -10255269.163587996736169, 1616645.800405831309035 ], [ -10252542.660990988835692, 1649034.02705513080582 ], [ -10239642.478597462177277, 1675107.264491980429739 ], [ -10255435.844966173171997, 1695885.393704136600718 ], [ -10201918.891115797683597, 1786522.479506246047094 ], [ -10059201.491494033485651, 1786855.731067552464083 ], [ -10056354.231074010953307, 1824722.98255229042843 ], [ -10074365.605081485584378, 1831468.963773956988007 ], [ -10086705.475624019280076, 1855565.486827976536006 ], [ -10127830.742039114236832, 1881250.875934550538659 ], [ -10169223.210156515240669, 1918356.663724985904992 ], [ -10119001.743967946618795, 1918632.538641102146357 ], [ -10118918.458876382559538, 1981228.345837339526042 ], [ -10015108.318030947819352, 1981420.824466842692345 ], [ -9912269.132351791486144, 1980196.900564507115632 ], [ -9913128.225298956036568, 1892047.915174740366638 ], [ -9921836.576742155477405, 1766548.846472285920754 ], [ -9888643.85391465947032, 1766586.096813639625907 ], [ -9852391.265733802691102, 1746471.690847876248881 ], [ -9842803.806234652176499, 1763040.753877139184624 ], [ -9810185.73941944539547, 1748844.815579741960391 ], [ -9860852.541778529062867, 1706426.684332045493647 ], [ -9913573.561469469219446, 1675311.196211512433365 ], [ -9921402.693661667406559, 1653946.95789703913033 ], [ -9912542.116196636110544, 1632123.039250754052773 ], [ -9935647.446585496887565, 1603892.173086647177115 ], [ -9961668.978324646130204, 1597048.451417069882154 ], [ -9955761.852551259100437, 1583953.010517820483074 ], [ -9976634.831140058115125, 1571656.172459179069847 ], [ -10014746.266951998695731, 1543606.331834547221661 ], [ -10018179.636474339291453, 1527301.579436323838308 ], [ -10075230.368976140394807, 1546697.665386725449935 ], [ -10144592.283697878941894, 1548705.959163420367986 ], [ -10195445.893738977611065, 1570765.500118149910122 ], [ -10255269.163587996736169, 1616645.800405831309035 ] ] ] } },
{ "type": "Feature", "properties": { "ADMIN": "Haiti", "geo_cluster": 0, "resource_level": "Low_Resource", "average_hours": 37.623188405797102, "average_capital_gain": 0.26830381725876873, "income_rate": 13.043478260869565, "average_education_num": 8.4492753623188399 }, "geometry": { "type": "Polygon", "coordinates": [ [ [ -7974059.482220811769366, 2192149.897332552354783 ], [ -7964331.249789855442941, 2131591.072235605679452 ], [ -7972829.887370985001326, 2088845.360374092590064 ], [ -7999940.241028157994151, 2070107.104332496179268 ], [ -7971321.526533775031567, 2036721.902875497704372 ], [ -7973608.475102806463838, 2006514.322328560287133 ], [ -8047461.001871046610177, 2025413.477605795953423 ], [ -8099937.83723478205502, 2017702.100970295025036 ], [ -8167782.829100552015007, 2025740.947024563793093 ], [ -8219808.546151235699654, 2004957.146864918759093 ], [ -8279364.725492995232344, 2039600.742689385544509 ], [ -8269567.44093672465533, 2075445.356236131861806 ], [ -8167225.40832082927227, 2060005.367732563288882 ], [ -8083317.068507819436491, 2051081.520284754922614 ], [ -8043280.735205795615911, 2075836.09563767677173 ], [ -8094071.075264118611813, 2124006.12437061034143 ], [ -8093232.108620787970722, 2166478.852387276478112 ], [ -8163386.955235646106303, 2183820.832200870383531 ], [ -8138342.383195407688618, 2214525.45461602229625 ], [ -8070500.282400907948613, 2209612.523774113506079 ], [ -7974059.482220811769366, 2192149.897332552354783 ] ] ] } },
{ "type": "Feature", "properties": { "ADMIN": "Honduras", "geo_cluster": 0, "resource_level": "Low_Resource", "average_hours": 36.631578947368418, "average_capital_gain": 0.38515137887507872, "income_rate": 10.526315789473683, "average_education_num": 8.3157894736842106 }, "geometry": { "type": "Polygon", "coordinates": [ [ [ -9245559.075753210112453, 1667461.937715477542952 ], [ -9283673.402636418119073, 1669734.542123211314902 ], [ -9299084.591622345149517, 1654590.554839595220983 ], [ -9337684.396088691428304, 1640064.256052160635591 ], [ -9365774.600516045466065, 1639989.532979355426505 ], [ -9390348.039134444668889, 1625851.082522196695209 ], [ -9412614.402879973873496, 1630876.097973313182592 ], [ -9431568.154926178976893, 1647864.699921764666215 ], [ -9443184.034505862742662, 1644629.591171465115622 ], [ -9457448.80253847502172, 1618059.311866400763392 ], [ -9468119.524203211069107, 1619021.816208965843543 ], [ -9469966.918744266033173, 1596134.872895984444767 ], [ -9508779.328143954277039, 1565516.426643666112795 ], [ -9529267.238278694450855, 1552291.554707592818886 ], [ -9540679.186138845980167, 1538500.811168086715043 ], [ -9573478.278493527323008, 1560976.888775687199086 ], [ -9597482.843242172151804, 1531306.602704636519775 ], [ -9620674.349793866276741, 1532099.534597754711285 ], [ -9646736.134140687063336, 1529470.661253608763218 ], [ -9644371.571427583694458, 1474790.273607453331351 ], [ -9660687.776915831491351, 1473801.860818513669074 ], [ -9674610.731368383392692, 1448403.799718084046617 ], [ -9709179.604120045900345, 1443832.793651290005073 ], [ -9728389.104778530076146, 1478620.053478829329833 ], [ -9762159.263494534417987, 1488287.906998276244849 ], [ -9754419.19853643886745, 1532829.307703144848347 ], [ -9769543.059516221284866, 1544867.506078236503527 ], [ -9792430.114024249836802, 1552797.269789615413174 ], [ -9841206.378163335844874, 1539549.491673485608771 ], [ -9845346.503415962681174, 1554524.017702703829855 ], [ -9878909.839341167360544, 1572354.366170704597607 ], [ -9902865.589463381096721, 1594540.224700890947133 ], [ -9935647.446585496887565, 1603892.173086647177115 ], [ -9912542.116196636110544, 1632123.039250754052773 ], [ -9921402.693661667406559, 1653946.95789703913033 ], [ -9913573.561469469219446, 1675311.196211512433365 ], [ -9860852.541778529062867, 1706426.684332045493647 ], [ -9810185.73941944539547, 1748844.815579741960391 ], [ -9798635.909698760136962, 1744500.758607584284618 ], [ -9774246.387691106647253, 1764049.181774865835905 ], [ -9742429.814787779003382, 1765643.829969959333539 ], [ -9732115.473254505544901, 1756579.209590348182246 ], [ -9714862.560675015673041, 1762101.26690967916511 ], [ -9663204.565650772303343, 1752068.471240012673661 ], [ -9611805.210310075432062, 1754973.10830522631295 ], [ -9576032.428764868527651, 1767272.837435137247667 ], [ -9562991.473439536988735, 1779721.901515610283241 ], [ -9527560.616669442504644, 1773967.112959103658795 ], [ -9500950.195951756089926, 1766416.635559241753072 ], [ -9471866.018983021378517, 1769019.600457013119012 ], [ -9449769.116491889581084, 1778667.438867672346532 ], [ -9398981.667504837736487, 1763244.796791719272733 ], [ -9381332.344576312229037, 1760791.16684451000765 ], [ -9347395.504482129588723, 1740007.255489815957844 ], [ -9315251.462160034105182, 1715080.439006275730208 ], [ -9274821.387190148234367, 1698048.804573931498453 ], [ -9245559.075753210112453, 1667461.937715477542952 ] ] ] } },
{ "type": "Feature", "properties": { "ADMIN": "Hungary", "geo_cluster": 1, "resource_level": "Higher_Resource", "average_hours": 37.833333333333336, "average_capital_gain": 1.3228617322369172, "income_rate": 33.333333333333329, "average_education_num": 11.388888888888889 }, "geometry": { "type": "Polygon", "coordinates": [ [ [ 2455810.259726517833769, 5384316.009339023381472 ], [ 2517547.085170638747513, 5354068.287379462271929 ], [ 2525298.603218762669712, 5324262.899324098601937 ], [ 2457384.781617775093764, 5300939.181859361939132 ], [ 2404761.391179696656764, 5225526.5885562133044 ], [ 2337536.978881377726793, 5150119.666200553067029 ], [ 2248385.236541374120861, 5129146.167287624441087 ], [ 2178983.180407011415809, 5134067.771343340165913 ], [ 2093784.755637619411573, 5104839.930371535941958 ], [ 2093783.310101985000074, 5104839.263201243244112 ], [ 2052222.715070770122111, 5088227.723663331009448 ], [ 1960376.049527622526512, 5109609.197210371494293 ], [ 1877252.07958897203207, 5157296.639431436546147 ], [ 1841924.634214276680723, 5170986.86264681071043 ], [ 1820319.102643869351596, 5208523.642446462996304 ], [ 1801615.317067406140268, 5209753.348491338081658 ], [ 1838528.737423387123272, 5281339.052994379773736 ], [ 1816992.035588197875768, 5305438.467119668610394 ], [ 1879613.751230808673427, 5305656.854195546358824 ], [ 1888054.900971699971706, 5351094.59818893391639 ], [ 1944631.608980390941724, 5322625.218645113520324 ], [ 1985624.77567748981528, 5310500.844107188284397 ], [ 2078959.675754012307152, 5324125.017463565804064 ], [ 2087912.21152441506274, 5346454.539996824227273 ], [ 2132094.452221603132784, 5349747.136587361805141 ], [ 2186246.329800728708506, 5367008.611185612156987 ], [ 2198267.292943253181875, 5359900.578884995542467 ], [ 2250482.597552171442658, 5373786.171801142394543 ], [ 2276558.726060291286558, 5399948.47647209558636 ], [ 2313000.901799382641912, 5406731.819230165332556 ], [ 2432084.349770207423717, 5372941.534210324287415 ], [ 2455810.259726517833769, 5384316.009339023381472 ] ] ] } },
{ "type": "Feature", "properties": { "ADMIN": "India", "geo_cluster": 1, "resource_level": "Higher_Resource", "average_hours": 41.884353741496597, "average_capital_gain": 1.0683837919992973, "income_rate": 42.176870748299322, "average_education_num": 12.544217687074831 }, "geometry": { "type": "Polygon", "coordinates": [ [ [ 10822293.192506741732359, 3142548.101347834337503 ], [ 10830682.525354884564877, 3100399.951678667217493 ], [ 10791700.654700797051191, 3079998.217706758994609 ], [ 10800819.760654328390956, 3011581.572095017880201 ], [ 10721356.109332654625177, 3031687.304846974089742 ], [ 10577403.221523482352495, 2954849.635798177681863 ], [ 10580781.883081803098321, 2891216.601186570245773 ], [ 10519412.890859171748161, 2797944.85989777604118 ], [ 10513787.422144439071417, 2743764.293996056076139 ], [ 10464203.7707558888942, 2652084.30983108561486 ], [ 10377298.835572293028235, 2677416.209877468645573 ], [ 10372977.684780191630125, 2562340.676246225833893 ], [ 10347843.934310801327229, 2524473.535956535954028 ], [ 10359612.151107363402843, 2477254.447281091008335 ], [ 10304747.735655413940549, 2450876.646605529356748 ], [ 10246182.860173866152763, 2627260.904742945916951 ], [ 10215481.128829983994365, 2626910.306754023768008 ], [ 10197305.964515598490834, 2555847.552565570455045 ], [ 10136425.340947372838855, 2613475.83215092914179 ], [ 10170758.702585639432073, 2676758.268773614894599 ], [ 10220503.253209831193089, 2683182.562719052191824 ], [ 10271776.290975069627166, 2777284.597437367308885 ], [ 10207660.558656541630626, 2796269.928877436555922 ], [ 10104539.938308827579021, 2794620.795108422636986 ], [ 9998735.847847994416952, 2809871.084858708549291 ], [ 9988927.110201695933938, 2887188.560543152503669 ], [ 9935844.039431804791093, 2892673.256326080765575 ], [ 9847772.556991066783667, 2940722.749626096338034 ], [ 9808491.794045757502317, 2865281.356805303134024 ], [ 9888748.488455597311258, 2806417.58903253171593 ], [ 9819231.456640757620335, 2764984.86830745683983 ], [ 9794551.604360641911626, 2724462.946227247361094 ], [ 9862994.158418755978346, 2694669.122456959914416 ], [ 9844072.09696146287024, 2627665.988305788487196 ], [ 9882605.851568816229701, 2544047.756375143304467 ], [ 9899913.249722227454185, 2452485.527766871266067 ], [ 9883990.674706790596247, 2411885.991542587056756 ], [ 9808348.130042685195804, 2413285.270036907866597 ], [ 9671267.652225680649281, 2390200.0659518847242 ], [ 9677657.475705986842513, 2306553.14569864468649 ], [ 9618299.557136269286275, 2240762.371164731215686 ], [ 9458280.43030858412385, 2165921.54280260251835 ], [ 9333824.259968990460038, 2035092.895410320023075 ], [ 9250229.045413449406624, 1964952.28176171076484 ], [ 9139431.518895367160439, 1892165.670731437625363 ], [ 9139259.166569698601961, 1841019.061736706411466 ], [ 9083825.87724799849093, 1813615.597930851159617 ], [ 8983670.272877005860209, 1773780.305277089821175 ], [ 8931730.731989154592156, 1767910.652235154993832 ], [ 8898391.454087318852544, 1683094.404848549515009 ], [ 8921542.819226387888193, 1538469.231774222571403 ], [ 8927438.380714697763324, 1446231.826829530065879 ], [ 8880319.81236338429153, 1340591.415480558294803 ], [ 8879814.09728136099875, 1151677.699242373928428 ], [ 8822272.105053884908557, 1146293.52378357690759 ], [ 8771659.788268720731139, 1061483.058539509773254 ], [ 8805504.781252579763532, 1024834.060009617242031 ], [ 8704119.470836712047458, 993310.597254972322844 ], [ 8666671.647076113149524, 917688.178894703974947 ], [ 8622052.743422217667103, 885728.053183352109045 ], [ 8516760.038990899920464, 989555.429261352866888 ], [ 8465285.849382350221276, 1145267.860653283074498 ], [ 8422632.095826210454106, 1257421.521986745996401 ], [ 8383673.13135218154639, 1310016.112907181028277 ], [ 8324596.86984112020582, 1416840.195550816133618 ], [ 8297009.489424519240856, 1555905.949769409140572 ], [ 8277788.535676006227732, 1625362.713867790065706 ], [ 8176638.847568582743406, 1778081.329765354981646 ], [ 8130571.850793936289847, 1993568.21637987322174 ], [ 8097324.531197471544147, 2135860.517330006696284 ], [ 8097721.052741556428373, 2270547.63291625957936 ], [ 8076155.662583771161735, 2374682.463304241187871 ], [ 7914337.955841462127864, 2308124.665323583874851 ], [ 7835966.128704128786922, 2321455.839726326987147 ], [ 7690708.811777274124324, 2456220.56945665506646 ], [ 7744171.168858679942787, 2496415.022118096705526 ], [ 7711331.823896329849958, 2540048.51524936966598 ], [ 7580905.368995619006455, 2634429.204760021530092 ], [ 7654956.156535900197923, 2708615.094284615013748 ], [ 7899656.539960925467312, 2708324.875207201577723 ], [ 7877579.763773629441857, 2803794.49783092411235 ], [ 7815107.494276627898216, 2860184.509352650493383 ], [ 7802437.263244057074189, 2945765.000309779308736 ], [ 7729656.323161274194717, 2995702.029563473537564 ], [ 7852204.720048304647207, 3112260.01558555290103 ], [ 7981321.074883844703436, 3103807.41275463392958 ], [ 8097640.658721259795129, 3220385.636275598313659 ], [ 8167347.278094333596528, 3333228.706911730580032 ], [ 8275288.982173634693027, 3444802.041285414248705 ], [ 8273570.907474353909492, 3524064.54076377581805 ], [ 8368388.371136761270463, 3588387.095873101148754 ], [ 8278644.737551901489496, 3643294.655003990512341 ], [ 8240030.588924255222082, 3718526.222767665982246 ], [ 8200629.068155932240188, 3815958.215612921398133 ], [ 8255142.99681400693953, 3863904.18632248789072 ], [ 8423810.096173383295536, 3836776.597432748880237 ], [ 8547754.880483467131853, 3853302.516783069819212 ], [ 8655139.163783043622971, 3946758.174682609271258 ], [ 8774653.603763084858656, 3816429.349034761544317 ], [ 8763402.555138574913144, 3725723.322302385233343 ], [ 8807636.612728511914611, 3668813.362732387147844 ], [ 8803993.529344100505114, 3612035.502880386076868 ], [ 8724190.733123533427715, 3626978.338320690672845 ], [ 8755375.162174334749579, 3504412.706201093737036 ], [ 8864621.295371314510703, 3434005.002045224886388 ], [ 9019170.070577368140221, 3356253.643280294723809 ], [ 8948612.920275889337063, 3305813.790015847422183 ], [ 8905436.327600207179785, 3201802.497327102348208 ], [ 9013159.644603630527854, 3159729.070730740204453 ], [ 9117992.557508088648319, 3105175.000660041812807 ], [ 9263020.034269036725163, 3042797.580539682414383 ], [ 9415442.760141698643565, 3028386.14623767696321 ], [ 9479575.727692790329456, 2971820.891319014132023 ], [ 9565486.579139957204461, 2961233.677135942969471 ], [ 9699263.007276393473148, 2935315.556792194023728 ], [ 9791862.463300036266446, 2937174.404423277825117 ], [ 9804601.635262873023748, 2981184.292794798035175 ], [ 9789960.471990011632442, 3051839.183544188737869 ], [ 9798556.738824002444744, 3099733.448556054849178 ], [ 9866372.931172128766775, 3123120.324808519799262 ], [ 9875704.642059000208974, 3035548.775307262782007 ], [ 9878083.660128451883793, 3013270.847276655491441 ], [ 9979147.172073042020202, 2971065.320962298195809 ], [ 10049060.725431967526674, 2988447.442188515327871 ], [ 10142935.811055643483996, 2980988.923094025813043 ], [ 10233667.746234394609928, 2984287.190632053185254 ], [ 10241476.752122757956386, 3052594.753900904208422 ], [ 10196214.251526307314634, 3088080.207439969293773 ], [ 10285888.832985851913691, 3101994.488678711466491 ], [ 10387101.791076052933931, 3184696.139821952674538 ], [ 10515269.874535277485847, 3255506.147664444055408 ], [ 10608541.615824069827795, 3228183.189073933288455 ], [ 10687810.008640019223094, 3275005.756205294281244 ], [ 10739950.701371179893613, 3205862.228559433016926 ], [ 10702393.684072643518448, 3159165.979003528133035 ], [ 10822293.192506741732359, 3142548.101347834337503 ] ] ] } },
{ "type": "Feature", "properties": { "ADMIN": "Iran", "geo_cluster": 1, "resource_level": "Higher_Resource", "average_hours": 43.767857142857146, "average_capital_gain": 0.86970447679706475, "income_rate": 39.285714285714285, "average_education_num": 12.285714285714286 }, "geometry": { "type": "Polygon", "coordinates": [ [ [ 5400517.90631709061563, 3327709.540663667954504 ], [ 5338982.232716280966997, 3386162.442731058690697 ], [ 5337884.737584451213479, 3445393.821335221640766 ], [ 5302367.704651521518826, 3445362.241941357962787 ], [ 5320594.574663606472313, 3525903.373286072164774 ], [ 5263379.940659848041832, 3610409.275291428435594 ], [ 5127132.758538683876395, 3671358.839789920952171 ], [ 5050111.172879143618047, 3777050.956836592406034 ], [ 5075882.738148552365601, 3863820.90123092290014 ], [ 5131850.319679820910096, 3902196.647673904430121 ], [ 5123460.875636629760265, 3967148.344369439873844 ], [ 5050547.835835850797594, 4000524.983807678800076 ], [ 4978500.004709921777248, 4133168.556786762084812 ], [ 4978499.226344579830766, 4133170.002322397194803 ], [ 4917685.097415547817945, 4222252.136561841703951 ], [ 4939440.075131566263735, 4256688.909595507197082 ], [ 4904727.427181784063578, 4384213.507307223975658 ], [ 4980869.904785371385515, 4415889.307278748601675 ], [ 4998516.336642628535628, 4373942.309452893212438 ], [ 5054673.616927178576589, 4322611.783847415819764 ], [ 5130942.41210622433573, 4307829.736447700299323 ], [ 5171205.805697932839394, 4311099.315663134679198 ], [ 5302344.687276417389512, 4393134.463683761656284 ], [ 5344044.609703799709678, 4401348.553134966641665 ], [ 5376895.407756180502474, 4368716.14215846452862 ], [ 5338557.022849602624774, 4313702.391755954362452 ], [ 5407901.702338774688542, 4255476.549978249706328 ], [ 5435575.258918208070099, 4261021.513477636501193 ], [ 5470753.258147292770445, 4179029.509135949425399 ], [ 5576183.844439145177603, 4155866.802101900335401 ], [ 5653418.035032024607062, 4100074.352772519458085 ], [ 5811500.811279599554837, 4080905.215916755143553 ], [ 5985161.346696228720248, 4110328.426589333452284 ], [ 5995814.721933347173035, 4136335.502972136251628 ], [ 6093522.478499669581652, 4157852.078503489959985 ], [ 6172612.625652364455163, 4221421.84313231986016 ], [ 6246979.540716432034969, 4218198.298667097464204 ], [ 6295793.166391923092306, 4238910.2668252075091 ], [ 6374860.407364559359848, 4228661.975150931626558 ], [ 6497810.996743164025247, 4172294.981004311237484 ], [ 6586612.252289295196533, 4160139.027072520926595 ], [ 6713694.404901765286922, 4061664.135864405427128 ], [ 6796582.863727021031082, 4057684.909847418311983 ], [ 6806339.784480569884181, 3964111.496391182299703 ], [ 6761014.013901342637837, 3825565.801415909547359 ], [ 6730461.728703070431948, 3744654.05697348434478 ], [ 6778861.597601909190416, 3728240.111037322785705 ], [ 6731312.148436427116394, 3667353.816521607339382 ], [ 6767737.08894295245409, 3578581.360493120737374 ], [ 6776442.549314881674945, 3507989.739726507104933 ], [ 6860658.23224282450974, 3489245.70154237234965 ], [ 6869765.996301376260817, 3417674.341200626920909 ], [ 6768914.978095077909529, 3316863.686797047965229 ], [ 6823963.310157770290971, 3258379.205335793085396 ], [ 6868725.87781473621726, 3191223.845162790734321 ], [ 6975024.119072513654828, 3142332.605343225877732 ], [ 6978092.657639685086906, 3044400.679558486212045 ], [ 7031296.375037542544305, 3026400.869836087338626 ], [ 7040495.986206416971982, 2975193.881929847411811 ], [ 6880103.244014705531299, 2917755.301097771152854 ], [ 6838202.280939059332013, 2788575.787474502809346 ], [ 6629018.930446962825954, 2822147.796613513957709 ], [ 6507774.851482563652098, 2847700.974807044025511 ], [ 6382290.126941406168044, 2862149.659450404345989 ], [ 6334867.106546428985894, 2998497.473090748302639 ], [ 6281646.153916005045176, 3018201.124546179547906 ], [ 6196200.653748139739037, 2998333.682783839758486 ], [ 6084047.103609725832939, 2944518.059032338671386 ], [ 5948167.532319952733815, 2981402.679870675783604 ], [ 5835916.241733628325164, 3066853.850986029952765 ], [ 5728853.756905328482389, 3098526.759886286221445 ], [ 5654596.035379198379815, 3204032.069250943604857 ], [ 5572540.872249783016741, 3352283.090477115474641 ], [ 5512700.255973149091005, 3334263.04325583204627 ], [ 5442033.912133730016649, 3371110.302557765971869 ], [ 5400517.90631709061563, 3327709.540663667954504 ] ] ] } },
{ "type": "Feature", "properties": { "ADMIN": "Ireland", "geo_cluster": 1, "resource_level": "Higher_Resource", "average_hours": 42.5, "average_capital_gain": 0.71548075003681566, "income_rate": 27.777777777777779, "average_education_num": 9.9444444444444446 }, "geometry": { "type": "Polygon", "coordinates": [ [ [ -689174.125140910386108, 5989806.519860584288836 ], [ -670838.061590887024067, 5910368.665790237486362 ], [ -754887.285530748777092, 5811066.372223869897425 ], [ -952009.420272648567334, 5745370.447066597640514 ], [ -1109402.564827457070351, 5762178.023475574329495 ], [ -1019245.28566099551972, 5878285.002379650250077 ], [ -1077316.010345599846914, 5991340.789144170470536 ], [ -926030.921017391257919, 6078423.858795970678329 ], [ -841987.590415116748773, 6130363.399683821946383 ], [ -819066.176637001917697, 6070787.20523327589035 ], [ -841987.590415116748773, 6011199.446497652679682 ], [ -773220.346814454067498, 6012727.933638699352741 ], [ -689174.125140910386108, 5989806.519860584288836 ] ] ] } },
{ "type": "Feature", "properties": { "ADMIN": "Italy", "geo_cluster": 1, "resource_level": "Higher_Resource", "average_hours": 41.33, "average_capital_gain": 0.87705051315933313, "income_rate": 33.0, "average_education_num": 8.71 }, "geometry": { "type": "MultiPolygon", "coordinates": [ [ [ [ 1161176.64748266688548, 5214330.136700670234859 ], [ 1228544.723784057656303, 5198519.646294441074133 ], [ 1241473.594500178471208, 5219671.16848052572459 ], [ 1351363.213444666238502, 5238998.424695709720254 ], [ 1376203.853765373118222, 5200321.006085286848247 ], [ 1535211.661624062107876, 5171604.55114299338311 ], [ 1523162.010158942081034, 5116837.876138955354691 ], [ 1549795.448251735186204, 5069495.249764273874462 ], [ 1461281.520711748860776, 5085693.699695826508105 ], [ 1370877.166146814357489, 5046229.020139774307609 ], [ 1377025.585176135180518, 4991031.353126519359648 ], [ 1363412.864909786032513, 4959352.773278774693608 ], [ 1399860.822791416430846, 4902741.59480495005846 ], [ 1504124.973021172452718, 4846739.431613499298692 ], [ 1560046.630997279193252, 4754812.372050056234002 ], [ 1683778.810374021762982, 4665203.840449510142207 ], [ 1770913.585723523283377, 4665890.469875958748162 ], [ 1798012.486290666740388, 4641314.140186291188002 ], [ 1766816.604149838676676, 4619162.640926189720631 ], [ 1866409.116793620400131, 4578968.299459796398878 ], [ 1948044.85219889623113, 4545335.911409276537597 ], [ 2043396.608070872258395, 4487345.691940017044544 ], [ 2054911.967326423618942, 4466579.015817889012396 ], [ 2034133.838114268379286, 4426760.958396695554256 ], [ 1972420.030045252526179, 4478677.593104488216341 ], [ 1875815.550753297517076, 4496976.295118109323084 ], [ 1829018.780873261392117, 4425051.556911221705377 ], [ 1909384.668821039609611, 4383831.441119485534728 ], [ 1896191.487473879707977, 4325806.639990043826401 ], [ 1849739.422245177906007, 4319212.88479020819068 ], [ 1790347.144405376631767, 4223843.893685664981604 ], [ 1743992.81962458556518, 4215276.315174268558621 ], [ 1744423.811633802484721, 4249273.534179959446192 ], [ 1767109.603103472851217, 4308912.887418233789504 ], [ 1791277.958159028319642, 4332664.705820918083191 ], [ 1747854.290084874490276, 4397105.016486941836774 ], [ 1713917.449990692315623, 4453179.011679927818477 ], [ 1667758.494910673936829, 4467033.025202210992575 ], [ 1634930.603038349654526, 4515024.919466938823462 ], [ 1563477.109448350965977, 4535239.956951881758869 ], [ 1515364.4573606075719, 4579933.583678582683206 ], [ 1433090.907155314227566, 4587139.356427109800279 ], [ 1346203.207204285077751, 4637337.805240573361516 ], [ 1244484.534032061463222, 4709713.550565465353429 ], [ 1168876.571028139675036, 4773766.124096262268722 ], [ 1134192.722596000647172, 4883687.322434613481164 ], [ 1078868.626812240108848, 4896616.193150734528899 ], [ 988406.784407066996209, 4933316.897378326393664 ], [ 937214.251857173279859, 4918293.556722678244114 ], [ 872966.41982065315824, 4866690.158467403613031 ], [ 826755.759042934630997, 4858539.22780392691493 ], [ 839477.695773205836304, 4906804.105913501232862 ], [ 779206.198682403308339, 4920910.97697679605335 ], [ 750561.575741646229289, 5006948.257194466888905 ], [ 789112.565581563860178, 5040816.156358382664621 ], [ 756388.196299688890576, 5082567.784483466297388 ], [ 760973.657722829375416, 5113987.835842710919678 ], [ 808816.217036994872615, 5090169.96758102811873 ], [ 862427.909068964538164, 5095456.402591914869845 ], [ 924768.078847969765775, 5133168.425788504071534 ], [ 944040.62709913495928, 5115545.01130635291338 ], [ 997008.83338359685149, 5119078.901152824983001 ], [ 1021091.012276318739168, 5163921.974025135859847 ], [ 1103370.344624150777236, 5149987.455287507735193 ], [ 1152356.322625308064744, 5168742.946561671793461 ], [ 1161176.64748266688548, 5214330.136700670234859 ] ] ], [ [ [ 1641377.803163843229413, 4241409.931522626429796 ], [ 1725788.966987606370822, 4251115.146578475832939 ], [ 1685743.960471775149927, 4163592.522898698691279 ], [ 1702384.855502574006096, 4129141.294508686289191 ], [ 1679043.90280527039431, 4071961.242165111470968 ], [ 1594006.488466566661373, 4113842.190131969284266 ], [ 1537464.250923009123653, 4125840.135899389628321 ], [ 1382266.096631860127673, 4182373.811424187384546 ], [ 1397826.731763395946473, 4239464.796533660963178 ], [ 1527948.512230344582349, 4229299.901145998388529 ], [ 1641377.803163843229413, 4241409.931522626429796 ] ] ], [ [ [ 968507.87444591219537, 4547875.717519320547581 ], [ 1024107.733950740657747, 4582346.961018119938672 ], [ 1090820.64902449818328, 4503400.477868497371674 ], [ 1075202.637247772421688, 4356330.236865720711648 ], [ 1024642.137355357874185, 4363346.310860965400934 ], [ 979287.678453535074368, 4326223.28783796261996 ], [ 937185.452339529525489, 4355715.439440807327628 ], [ 932732.201829433091916, 4489868.262817491777241 ], [ 907351.375961570302024, 4553438.0274463230744 ], [ 968507.87444591219537, 4547875.717519320547581 ] ] ] ] } },
{ "type": "Feature", "properties": { "ADMIN": "Jamaica", "geo_cluster": 0, "resource_level": "Low_Resource", "average_hours": 39.087378640776699, "average_capital_gain": 0.41132427369491581, "income_rate": 13.592233009708737, "average_education_num": 9.7378640776699026 }, "geometry": { "type": "Polygon", "coordinates": [ [ [ -8625355.569957248866558, 2056054.83003817149438 ], [ -8550523.303613878786564, 2046085.304351282538846 ], [ -8491449.821979036554694, 2019380.034256953047588 ], [ -8473024.802389958873391, 1988931.049259032122791 ], [ -8551184.024593953043222, 1986859.596694609615952 ], [ -8584962.856523763388395, 1968276.45774611341767 ], [ -8647196.723836101591587, 1986121.150375411612913 ], [ -8710766.488464931026101, 2026637.401508131995797 ], [ -8697423.972167208790779, 2052052.697841127868742 ], [ -8650681.799056140705943, 2059801.324817982967943 ], [ -8625355.569957248866558, 2056054.83003817149438 ] ] ] } },
{ "type": "Feature", "properties": { "ADMIN": "Japan", "geo_cluster": 1, "resource_level": "Higher_Resource", "average_hours": 42.157303370786515, "average_capital_gain": 1.0106612601891216, "income_rate": 34.831460674157306, "average_education_num": 11.370786516853933 }, "geometry": { "type": "MultiPolygon", "coordinates": [ [ [ [ 15776865.134661601856351, 4356718.196391044184566 ], [ 15673997.260659849271178, 4244759.904758354648948 ], [ 15675876.34578981436789, 4130014.731617148499936 ], [ 15633998.288894228637218, 4041270.963911256287247 ], [ 15653380.03068333491683, 3985550.457778460346162 ], [ 15595470.205234365537763, 3907184.301588618196547 ], [ 15453390.62041262164712, 3854865.474389250855893 ], [ 15257917.619439736008644, 3848047.661166048143059 ], [ 15099507.373773390427232, 3721120.625646677333862 ], [ 15024784.300967959687114, 3763849.102275624405593 ], [ 15020164.369079686701298, 3846964.510195515584201 ], [ 14826782.946975059807301, 3822434.104061009828001 ], [ 14695178.602922227233648, 3770060.68009267328307 ], [ 14565010.78770506568253, 3767928.848616742528975 ], [ 14677750.446945797652006, 3686114.978743260726333 ], [ 14603555.995402444154024, 3497123.759556050878018 ], [ 14531671.509803231805563, 3450335.551694773603231 ], [ 14477864.448070487007499, 3493552.508173175156116 ], [ 14505135.700963299721479, 3593765.600384408608079 ], [ 14434751.014182537794113, 3626105.012407277245075 ], [ 14389580.360696410760283, 3702356.572353755589575 ], [ 14494712.165892090648413, 3736615.210919216275215 ], [ 14553035.748117703944445, 3806511.529045572970062 ], [ 14664873.28192738071084, 3863996.144627859350294 ], [ 14746428.623312359675765, 3940017.864408432506025 ], [ 14967776.600950054824352, 3973179.007842062041163 ], [ 15086670.461362643167377, 3950441.399479642510414 ], [ 15203013.062575163319707, 4148129.517020024359226 ], [ 15277155.80842081643641, 4095023.540070077870041 ], [ 15440277.83308575861156, 4206229.041222273372114 ], [ 15503525.910438355058432, 4249425.760201789438725 ], [ 15573399.211189609020948, 4385400.06967315543443 ], [ 15554339.156676733866334, 4510439.458043798804283 ], [ 15601308.390077484771609, 4580680.592016538605094 ], [ 15719529.854029878973961, 4601090.999202254228294 ], [ 15780163.402199631556869, 4446869.693414968438447 ], [ 15776865.134661601856351, 4356718.196391044184566 ] ] ], [ [ [ 16080297.074946355074644, 4888232.531250082887709 ], [ 16158956.230089835822582, 4935362.552691424265504 ], [ 16183676.223782571032643, 4810529.987111582420766 ], [ 16018721.148737873882055, 4780092.566398739814758 ], [ 15921335.190642828121781, 4669659.982030875049531 ], [ 15746496.654879026114941, 4745670.248721418902278 ], [ 15685983.753337241709232, 4624000.959890341386199 ], [ 15562314.843943275511265, 4622328.808746221475303 ], [ 15547018.630637826398015, 4732879.259865832515061 ], [ 15602009.363665230572224, 4818445.406661664135754 ], [ 15720817.047914989292622, 4824622.514013579115272 ], [ 15753219.618725586682558, 4978438.625042974948883 ], [ 15786099.21629561111331, 5065099.375899366103113 ], [ 15916778.417542282491922, 4949331.43069913610816 ], [ 16002097.488939642906189, 4911941.205973826348782 ], [ 16080297.074946355074644, 4888232.531250082887709 ] ] ], [ [ [ 14719019.377363964915276, 3720991.305804902687669 ], [ 14780532.144784720614552, 3787336.610047269612551 ], [ 14843757.093567164614797, 3774473.789190146140754 ], [ 14889473.603547940030694, 3821210.180158674716949 ], [ 14971126.574185783043504, 3797225.741713863331825 ], [ 14985354.091877041384578, 3759097.070669354405254 ], [ 14922755.393609534949064, 3691806.608512038365006 ], [ 14877113.606701565906405, 3727478.758538068737835 ], [ 14820105.906683662906289, 3701635.361267124768347 ], [ 14790593.628776978701353, 3636585.924123678356409 ], [ 14718123.034075444564223, 3668255.94195266533643 ], [ 14719019.377363964915276, 3720991.305804902687669 ] ] ] ] } },
{ "type": "Feature", "properties": { "ADMIN": "Laos", "geo_cluster": 0, "resource_level": "Low_Resource", "average_hours": 40.285714285714285, "average_capital_gain": 0.37941079711113412, "income_rate": 9.5238095238095237, "average_education_num": 8.9047619047619051 }, "geometry": { "type": "Polygon", "coordinates": [ [ [ 11940427.570932699367404, 1579241.12032417440787 ], [ 11841869.394633019343019, 1620176.799181034322828 ], [ 11791561.752281615510583, 1543508.591386636486277 ], [ 11699807.045043839141726, 1587110.505124045070261 ], [ 11736007.816331947222352, 1637228.55991721409373 ], [ 11740978.346209144219756, 1731342.047725557815284 ], [ 11650941.713670648634434, 1828253.981327493675053 ], [ 11644006.033695699647069, 1938002.827340177958831 ], [ 11559445.534921376034617, 2028303.770509711932391 ], [ 11475350.387426350265741, 2035940.424072407884523 ], [ 11452946.141820287331939, 1997251.552371956175193 ], [ 11387819.090532766655087, 1994036.569925492862239 ], [ 11354525.847381139174104, 2013642.480933013372123 ], [ 11237321.373345235362649, 1947302.958833185024559 ], [ 11234695.279877308756113, 2046981.647639801027253 ], [ 11262058.602270541712642, 2164143.08919181348756 ], [ 11186921.772688459604979, 2169231.263430658727884 ], [ 11180537.731350693851709, 2236047.701094865333289 ], [ 11132402.173082895576954, 2270363.827500564511865 ], [ 11156099.283521560952067, 2311313.850518721621484 ], [ 11250715.595340656116605, 2383640.781217182986438 ], [ 11260725.48483026586473, 2357518.729153901804239 ], [ 11320002.898184640333056, 2354484.772246913518757 ], [ 11303201.103918202221394, 2481673.227326054126024 ], [ 11360846.618736127391458, 2497969.306510469410568 ], [ 11425835.6769680660218, 2410167.916843306273222 ], [ 11475758.362060463055968, 2309138.875363849569112 ], [ 11612654.923266721889377, 2308268.329326656181365 ], [ 11655751.233117157593369, 2211296.128008260857314 ], [ 11584676.914643624797463, 2182165.916289317887276 ], [ 11552779.947720002382994, 2142192.741775022353977 ], [ 11685998.955076716840267, 2075675.196402037749067 ], [ 11778420.276632156223059, 1944280.455016224877909 ], [ 11848500.511369256302714, 1846314.169961400562897 ], [ 11932641.582419440150261, 1768950.659526746254414 ], [ 11960642.608417641371489, 1690406.368868697667494 ], [ 11940427.570932699367404, 1579241.12032417440787 ] ] ] } },
{ "type": "Feature", "properties": { "ADMIN": "Mexico", "geo_cluster": 0, "resource_level": "Low_Resource", "average_hours": 40.410055865921791, "average_capital_gain": 0.34236222069246691, "income_rate": 5.2513966480446932, "average_education_num": 6.039106145251397 }, "geometry": { "type": "Polygon", "coordinates": [ [ [ -13024026.991096882149577, 3617768.719597421586514 ], [ -12897663.825670067220926, 3626336.298108817543834 ], [ -12756450.561473662033677, 3638394.289202599320561 ], [ -12766859.529993476346135, 3616650.097406316082925 ], [ -12598952.782377913594246, 3562593.736374125350267 ], [ -12345275.733856892213225, 3484265.720086026936769 ], [ -12124152.147827710956335, 3485068.548338490072638 ], [ -12035967.802412420511246, 3485099.68295215908438 ], [ -12035752.084017712622881, 3530982.540725963655859 ], [ -11843116.669495603069663, 3530945.401579658035189 ], [ -11802564.947142312303185, 3491518.973120399285108 ], [ -11745709.806731382384896, 3456367.994288177229464 ], [ -11679635.484822982922196, 3407463.299867706373334 ], [ -11642760.982734087854624, 3349387.237820758484304 ], [ -11615097.878489242866635, 3288255.53583230311051 ], [ -11557613.37410200573504, 3254679.078891338314861 ], [ -11465321.483583392575383, 3221320.564246056601405 ], [ -11395268.602828303351998, 3309164.652811965439469 ], [ -11304355.530915027484298, 3311310.71725414507091 ], [ -11225985.260508377104998, 3266989.482745935674757 ], [ -11170192.032813655212522, 3190866.464275890961289 ], [ -11131736.337130574509501, 3125692.822262915316969 ], [ -11066131.258328186348081, 3062311.644436879083514 ], [ -11041668.347588311880827, 2984475.11026455508545 ], [ -11010533.733919382095337, 2932213.43732028035447 ], [ -10923801.595841649919748, 2897742.972186821978539 ], [ -10844853.11118114925921, 2873280.061446948442608 ], [ -10801487.931702673435211, 2876615.579326330684125 ], [ -10844638.727127028629184, 2779002.672136648092419 ], [ -10864083.850093958899379, 2698964.364802686497569 ], [ -10872211.763382332399487, 2549989.352613663766533 ], [ -10882922.626459687948227, 2495685.249012706801295 ], [ -10863649.967013472691178, 2435025.792396579869092 ], [ -10829170.161495914682746, 2380799.302939697634429 ], [ -10806972.627485603094101, 2294557.979807445313781 ], [ -10733166.135467574000359, 2211773.043572639580816 ], [ -10707207.762516152113676, 2148329.596519266720861 ], [ -10663703.58922665566206, 2093583.04781906446442 ], [ -10545634.240101046860218, 2064082.223002411657944 ], [ -10499673.656988119706511, 2017564.219109761528671 ], [ -10402146.81476622261107, 2048639.454622622579336 ], [ -10317356.475825989618897, 2059870.376943298615515 ], [ -10234097.403903026133776, 2079855.463067286880687 ], [ -10164106.236400028690696, 2098926.970670189708471 ], [ -10093382.515915419906378, 2144298.664804579690099 ], [ -10066886.959683161228895, 2209158.5143897915259 ], [ -10057756.289444552734494, 2302573.919681658037007 ], [ -10038535.335696037858725, 2335079.901887655258179 ], [ -9963223.262717019766569, 2364198.660516570787877 ], [ -9845639.502369597554207, 2389990.240894765593112 ], [ -9747181.957589097321033, 2386117.428539497312158 ], [ -9679739.158214900642633, 2395535.315589202102274 ], [ -9653062.57644316740334, 2371958.851778502576053 ], [ -9656834.979669351130724, 2318401.756515502464026 ], [ -9716589.308588104322553, 2252300.747795388568193 ], [ -9743027.376980124041438, 2184599.41993269091472 ], [ -9722533.684702845290303, 2165234.802181104663759 ], [ -9739191.814966211095452, 2117168.184843571856618 ], [ -9767060.741246415302157, 2030401.131520509952679 ], [ -9795245.683855360373855, 2058959.578298433218151 ], [ -9818526.257641157135367, 2057106.401614839211106 ], [ -9839663.546860991045833, 2055644.075527838664129 ], [ -9879495.948443483561277, 1988523.074624920729548 ], [ -9899679.295339515432715, 2001678.894435678375885 ], [ -9913139.678388983011246, 1996559.14080296899192 ], [ -9912269.132351791486144, 1980196.900564507115632 ], [ -10015108.318030947819352, 1981420.824466842692345 ], [ -10118918.458876382559538, 1981228.345837339526042 ], [ -10119001.743967946618795, 1918632.538641102146357 ], [ -10169223.210156515240669, 1918356.663724985904992 ], [ -10127830.742039114236832, 1881250.875934550538659 ], [ -10086705.475624019280076, 1855565.486827976536006 ], [ -10074365.605081485584378, 1831468.963773956988007 ], [ -10056354.231074010953307, 1824722.98255229042843 ], [ -10059201.491494033485651, 1786855.731067552464083 ], [ -10201918.891115797683597, 1786522.479506246047094 ], [ -10255435.844966173171997, 1695885.393704136600718 ], [ -10239642.478597462177277, 1675107.264491980429739 ], [ -10252542.660990988835692, 1649034.02705513080582 ], [ -10255269.163587996736169, 1616645.800405831309035 ], [ -10381110.157065564766526, 1736358.501157915219665 ], [ -10438453.999716049060225, 1772467.314140651840717 ], [ -10529243.311539988964796, 1801468.206017820397392 ], [ -10591353.641153087839484, 1793389.107355879852548 ], [ -10680660.500586193054914, 1751554.194139231694862 ], [ -10736708.587332805618644, 1740593.364592133788392 ], [ -10815229.860615748912096, 1769898.819708013674244 ], [ -10898563.655611518770456, 1791053.344160417094827 ], [ -11002491.66320869885385, 1842061.960099566495046 ], [ -11085856.926403282210231, 1857642.721534938318655 ], [ -11211741.063559792935848, 1909338.078095585340634 ], [ -11304765.729450114071369, 1962484.307653204072267 ], [ -11332835.696378583088517, 1992180.502170629566535 ], [ -11395060.890477109700441, 1998814.509978136513382 ], [ -11508797.635720590129495, 2034012.635511056752875 ], [ -11555114.487769929692149, 2084748.378800407983363 ], [ -11674591.677408615127206, 2147858.463097426574677 ], [ -11730303.51032760553062, 2217981.730318420100957 ], [ -11756807.73977367207408, 2272170.969433947931975 ], [ -11719710.514001995325089, 2283025.49651437625289 ], [ -11731151.150184739381075, 2314735.655755985993892 ], [ -11705586.407706134021282, 2343578.539468784816563 ], [ -11705037.660140220075846, 2382031.900055841077119 ], [ -11742548.642688546329737, 2431963.147166996262968 ], [ -11752584.329429481178522, 2476211.43772318167612 ], [ -11789868.251688122749329, 2532328.465400061104447 ], [ -11887860.445189321413636, 2642858.790215835440904 ], [ -11999663.619728911668062, 2729717.801844269502908 ], [ -12053755.118396528065205, 2799036.684082116466016 ], [ -12149193.161626387387514, 2844437.066539100836962 ], [ -12169640.81915345788002, 2871599.237089022062719 ], [ -12152689.689936457201838, 2940323.337010743562132 ], [ -12209378.482554355636239, 2966258.692587059456855 ], [ -12275014.028800120577216, 3020292.703414438292384 ], [ -12302733.508934713900089, 3097880.271872460376471 ], [ -12362545.32569370418787, 3106927.657019504811615 ], [ -12427114.956201503053308, 3165495.423572323750705 ], [ -12479224.069538800045848, 3219586.92223994107917 ], [ -12484070.95052171126008, 3254328.147317270282656 ], [ -12543868.311924355104566, 3338199.236788926180452 ], [ -12583255.4885313808918, 3423348.735736838076264 ], [ -12581571.77310218475759, 3466057.086061948444694 ], [ -12661989.366747664287686, 3510161.712615062016994 ], [ -12699112.500965714454651, 3505317.72270342009142 ], [ -12762573.072056606411934, 3535950.513117036316544 ], [ -12780391.967434579506516, 3490800.097129793837667 ], [ -12761992.745096826925874, 3437441.151443786453456 ], [ -12751169.797410264611244, 3353940.786264888010919 ], [ -12713038.235294485464692, 3308100.738584878388792 ], [ -12630520.500761987641454, 3231507.253863286692649 ], [ -12612193.110425772145391, 3205327.825154815334827 ], [ -12595282.122621396556497, 3197389.499424677807838 ], [ -12580612.159830888733268, 3159194.667326122988015 ], [ -12560848.240659, 3160740.389699736610055 ], [ -12538530.171215768903494, 3089022.585478698834777 ], [ -12504762.903571031987667, 3060734.231474353000522 ], [ -12481082.917169883847237, 3021361.510223673190922 ], [ -12411200.943204825744033, 2964773.237929905299097 ], [ -12374304.869276460260153, 2861336.601253449451178 ], [ -12341295.95186466164887, 2812634.948992119170725 ], [ -12310404.632962545379996, 2760528.726726091466844 ], [ -12304293.575469626113772, 2701883.457224246114492 ], [ -12250676.101295117288828, 2698208.794445970561355 ], [ -12206085.885963816195726, 2647685.656089959200472 ], [ -12165750.660370571538806, 2598035.843647360336035 ], [ -12168451.365716254338622, 2578122.589524908456951 ], [ -12215245.244525020942092, 2537278.868973420932889 ], [ -12234946.004909181967378, 2537813.272378038149327 ], [ -12264265.804186360910535, 2605408.186579016968608 ], [ -12337035.179984068498015, 2668788.36364961322397 ], [ -12417214.260249832645059, 2722546.610755924135447 ], [ -12474086.969478476792574, 2750789.041205108165741 ], [ -12470412.306700201705098, 2832151.792765536811203 ], [ -12487283.041896905750036, 2892406.054623772390187 ], [ -12540277.045432694256306, 2926871.627175081986934 ], [ -12616709.630918646231294, 2976489.749028767459095 ], [ -12631393.93787045031786, 2962176.055174672044814 ], [ -12659438.107547594234347, 2991153.929676735773683 ], [ -12728024.325608778744936, 3018066.022561865858734 ], [ -12793562.13140663318336, 3082629.982122174464166 ], [ -12785457.235493367537856, 3091022.20604158565402 ], [ -12739657.440421029925346, 3084715.778847895096987 ], [ -12698399.963092893362045, 3126249.131092149764299 ], [ -12694251.164626456797123, 3176410.218369211535901 ], [ -12779851.781887423247099, 3255733.09675908042118 ], [ -12845102.370874181389809, 3286521.115460845641792 ], [ -12886101.208518769592047, 3355954.862184121273458 ], [ -12927352.903704365715384, 3428862.119842361658812 ], [ -12978855.781635511666536, 3517738.098461297806352 ], [ -13024026.991096882149577, 3617768.719597421586514 ] ] ] } },
{ "type": "Feature", "properties": { "ADMIN": "Nicaragua", "geo_cluster": 0, "resource_level": "Low_Resource", "average_hours": 36.875, "average_capital_gain": 0.33835147925486958, "income_rate": 6.25, "average_education_num": 8.9791666666666661 }, "geometry": { "type": "Polygon", "coordinates": [ [ [ -9302089.860206738114357, 1216336.396984275430441 ], [ -9328714.625085724517703, 1192771.386263603810221 ], [ -9361531.063868019729853, 1200178.199660393409431 ], [ -9379961.865599634125829, 1223059.472025885246694 ], [ -9415226.040991552174091, 1232336.586143787018955 ], [ -9440793.563346380367875, 1217841.866750216810033 ], [ -9514054.310064811259508, 1247288.09479789994657 ], [ -9530810.069581039249897, 1232980.183086343342438 ], [ -9569277.774329392239451, 1268005.956293596420437 ], [ -9621246.114734886214137, 1312866.264398474013433 ], [ -9645724.81517169252038, 1350348.447429156862199 ], [ -9692596.196929486468434, 1385296.606492335209623 ], [ -9748302.358900982886553, 1435518.072680904762819 ], [ -9735956.817410960793495, 1452713.497420157073066 ], [ -9717600.627557100728154, 1435974.861941447481513 ], [ -9709179.604120045900345, 1443832.793651290005073 ], [ -9674610.731368383392692, 1448403.799718084046617 ], [ -9660687.776915831491351, 1473801.860818513669074 ], [ -9644371.571427583694458, 1474790.273607453331351 ], [ -9646736.134140687063336, 1529470.661253608763218 ], [ -9620674.349793866276741, 1532099.534597754711285 ], [ -9597482.843242172151804, 1531306.602704636519775 ], [ -9573478.278493527323008, 1560976.888775687199086 ], [ -9540679.186138845980167, 1538500.811168086715043 ], [ -9529267.238278694450855, 1552291.554707592818886 ], [ -9508779.328143954277039, 1565516.426643666112795 ], [ -9469966.918744266033173, 1596134.872895984444767 ], [ -9468119.524203211069107, 1619021.816208965843543 ], [ -9457448.80253847502172, 1618059.311866400763392 ], [ -9443184.034505862742662, 1644629.591171465115622 ], [ -9431568.154926178976893, 1647864.699921764666215 ], [ -9412614.402879973873496, 1630876.097973313182592 ], [ -9390348.039134444668889, 1625851.082522196695209 ], [ -9365774.600516045466065, 1639989.532979355426505 ], [ -9337684.396088691428304, 1640064.256052160635591 ], [ -9299084.591622345149517, 1654590.554839595220983 ], [ -9283673.402636418119073, 1669734.542123211314902 ], [ -9245559.075753210112453, 1667461.937715477542952 ], [ -9255123.517877254635096, 1656791.327245793305337 ], [ -9260786.459323436021805, 1631967.922157653374597 ], [ -9249440.561322284862399, 1591279.318699266063049 ], [ -9275057.009498590603471, 1553403.505195768782869 ], [ -9286991.796478282660246, 1508660.952647589147091 ], [ -9290591.736183751374483, 1459663.410361354937777 ], [ -9284621.451622638851404, 1431001.552188031142578 ], [ -9281820.225952824577689, 1380940.985235100612044 ], [ -9298808.716706227511168, 1370017.517224405659363 ], [ -9309206.454526111483574, 1322456.503773845965043 ], [ -9301561.238944659009576, 1293090.780941506614909 ], [ -9324313.080273326486349, 1264655.871862819418311 ], [ -9319138.729871649295092, 1234603.519604031695053 ], [ -9302089.860206738114357, 1216336.396984275430441 ] ] ] } },
{ "type": "Feature", "properties": { "ADMIN": "Peru", "geo_cluster": 0, "resource_level": "Low_Resource", "average_hours": 36.911111111111111, "average_capital_gain": 0.16695918989409056, "income_rate": 8.8888888888888893, "average_education_num": 9.8888888888888893 }, "geometry": { "type": "Polygon", "coordinates": [ [ [ -7771826.155864961445332, -477937.113292201189324 ], [ -7872027.794986166059971, -472719.619211581361014 ], [ -7886936.159961339086294, -489435.126120136817917 ], [ -7978067.507755443453789, -510828.1639522537007 ], [ -8105221.492369448766112, -586505.067886442760937 ], [ -8113291.917817582376301, -638398.685219131410122 ], [ -8141669.339056030847132, -677087.668114631786011 ], [ -8130584.971809695474803, -737215.501202361891046 ], [ -8197797.931017986498773, -769313.508774247369729 ], [ -8197677.173194970004261, -816282.742174999555573 ], [ -8227014.207704714499414, -836612.644145371508785 ], [ -8180737.497067999094725, -936756.795426337630488 ], [ -8118949.077121226117015, -1004406.306396285886876 ], [ -8142447.926787851378322, -1052151.236457589780912 ], [ -8068649.996788583695889, -1058598.436583083355799 ], [ -8026602.478638594038785, -1117910.320402589859441 ], [ -7928475.183153082616627, -1120783.37807393912226 ], [ -7837237.644087357446551, -1055254.134294844930992 ], [ -7844664.583787984214723, -1224162.638105204794556 ], [ -7794078.175449193455279, -1236930.609585686353967 ], [ -7731355.939482451416552, -1217778.596767439506948 ], [ -7635216.922664847224951, -1396754.366712598828599 ], [ -7659123.858160633593798, -1434385.995888892794028 ], [ -7664588.427639725618064, -1512551.111430473159999 ], [ -7666774.855884625576437, -1607173.094197059515864 ], [ -7710212.979315125383437, -1662721.248004187364131 ], [ -7690288.160907597281039, -1703950.037009730702266 ], [ -7715798.195422185584903, -1741328.808645013254136 ], [ -7667969.980269317515194, -1834795.919634579913691 ], [ -7738110.593917925842106, -1954810.292554105864838 ], [ -7767913.090902022086084, -2011817.992572013987228 ], [ -7825081.578960520215333, -2040203.975829221541062 ], [ -7936574.408118858933449, -1976358.447479323484004 ], [ -7946225.137600787915289, -1930733.895803922321647 ], [ -8166668.09873615577817, -1819080.167409943183884 ], [ -8366080.073118356987834, -1697468.366419103462249 ], [ -8451847.26056244969368, -1628928.071913077495992 ], [ -8497911.366265825927258, -1537069.953279901761562 ], [ -8479650.136983659118414, -1505029.322353206109256 ], [ -8573826.783579729497433, -1359105.502303738379851 ], [ -8683460.765106985345483, -1153950.192455059615895 ], [ -8788517.847229860723019, -932544.838172175572254 ], [ -8833992.952759651467204, -881869.362599283573218 ], [ -8868981.36443050019443, -799975.098705507116392 ], [ -8955369.24263709411025, -727401.092608573380858 ], [ -9034597.271650321781635, -682385.556215546675958 ], [ -8998609.105295553803444, -632761.763414371758699 ], [ -9052493.781172370538116, -526704.815412529278547 ], [ -9017881.764741767197847, -448827.027877093409188 ], [ -8929247.190573813393712, -378603.129136919975281 ], [ -8916065.462316680699587, -424894.29512998246355 ], [ -8947787.185843368992209, -451372.61612967500696 ], [ -8944779.026187704876065, -492118.596233252144884 ], [ -8898818.331879729405046, -483263.800910759717226 ], [ -8853903.427005883306265, -495284.764053284714464 ], [ -8807235.976967619732022, -551430.591247807489708 ], [ -8744367.185926537960768, -505691.063891929225065 ], [ -8723327.637154610827565, -430669.209990324743558 ], [ -8655189.646335206925869, -333921.066695297078695 ], [ -8521476.376986499875784, -290072.077559415774886 ], [ -8400229.518145877867937, -173643.300184062303742 ], [ -8365617.501715275458992, -101345.057808196361293 ], [ -8381129.211025332100689, -16905.205661838332162 ], [ -8351484.833400654606521, -6360.912767611172967 ], [ -8277537.457255776040256, -59024.555813361810578 ], [ -8242043.330502902157605, -111510.064390906671179 ], [ -8190572.143160671927035, -140160.358279153471813 ], [ -8125065.805561633780599, -256744.252747607504716 ], [ -8042269.416236802004278, -270672.989342696149834 ], [ -7980998.05326703004539, -241269.904973954136949 ], [ -7940843.85321325995028, -260507.982759985839948 ], [ -7874107.920764397829771, -250952.213849747175118 ], [ -7788958.421816485002637, -303023.85445559292566 ], [ -7860676.22603752464056, -416188.834758052020334 ], [ -7827469.159048730507493, -418826.270120956818573 ], [ -7771826.155864961445332, -477937.113292201189324 ] ] ] } },
{ "type": "Feature", "properties": { "ADMIN": "Philippines", "geo_cluster": 1, "resource_level": "Higher_Resource", "average_hours": 39.677304964539005, "average_capital_gain": 0.67878517762133572, "income_rate": 29.787234042553191, "average_education_num": 10.787234042553191 }, "geometry": { "type": "MultiPolygon", "coordinates": [ [ [ [ 13436130.964541571214795, 1412677.052923085168004 ], [ 13379370.339922135695815, 1497398.450933048967272 ], [ 13474630.248683787882328, 1493315.813520662020892 ], [ 13513244.5085064843297, 1453273.698076100088656 ], [ 13483755.136779859662056, 1357197.840046223718673 ], [ 13436130.964541571214795, 1412677.052923085168004 ] ] ], [ [ [ 13630966.150714440271258, 1109842.786025726003572 ], [ 13658875.218407267704606, 1140989.853540123440325 ], [ 13671143.368143314495683, 1210009.8434867488686 ], [ 13732460.654668247327209, 1216543.219775075791404 ], [ 13714549.800984900444746, 1141682.265109110623598 ], [ 13796852.150707839056849, 1249023.515924796229228 ], [ 13786233.245935855433345, 1142949.332690387265757 ], [ 13746285.868672886863351, 1106400.854484625859186 ], [ 13711452.68529018573463, 1036145.376350588165224 ], [ 13676533.214549602940679, 1003222.74629667121917 ], [ 13608056.190026354044676, 1080077.650578034110367 ], [ 13630966.150714440271258, 1109842.786025726003572 ] ] ], [ [ [ 14052476.002143559977412, 935673.644455805420876 ], [ 14063784.427413264289498, 861800.991383730783127 ], [ 14070335.038934158161283, 799423.571263371617533 ], [ 14032456.33435939066112, 697670.427626014803536 ], [ 13991831.000883780419827, 811024.995486707775854 ], [ 13939839.643103180453181, 754623.530874953372404 ], [ 13975345.222946081310511, 672691.905444774078205 ], [ 13943471.273397564888, 620579.90103620768059 ], [ 13812625.390772713348269, 685112.170007603126578 ], [ 13781372.020791647955775, 765593.033635859144852 ], [ 13815280.061368186026812, 818463.388277361635119 ], [ 13744843.557694671675563, 871049.417179037583992 ], [ 13709912.633864061906934, 824942.278991768369451 ], [ 13657588.135717205703259, 829223.177176197292283 ], [ 13575303.021226834505796, 767181.788493365049362 ], [ 13556892.345799053087831, 799728.023307034396566 ], [ 13600528.730001598596573, 893447.99183761223685 ], [ 13670585.947363592684269, 924724.379193784319796 ], [ 13731219.495533343404531, 966619.671321940375492 ], [ 13770523.164658710360527, 916283.229452893254347 ], [ 13855066.53939551487565, 946732.214450813946314 ], [ 13873207.122049717232585, 996353.116180719574913 ], [ 13951797.447457978501916, 999309.570138682145625 ], [ 13945206.583329413086176, 1085300.926801192108542 ], [ 14035340.845120767131448, 1032565.451753905159421 ], [ 14044672.66720268689096, 976569.070704993326217 ], [ 14052476.002143559977412, 935673.644455805420876 ] ] ], [ [ [ 13177122.669404989108443, 1035935.662488518166356 ], [ 13029199.228792633861303, 930424.570981321274303 ], [ 13083707.264113122597337, 1008193.164978818269446 ], [ 13164038.681595766916871, 1076868.45027410890907 ], [ 13230803.302367225289345, 1153792.295485738432035 ], [ 13289086.631985168904066, 1264250.788299977080896 ], [ 13308899.476978538557887, 1173584.902980223530903 ], [ 13235486.393043227493763, 1112356.683689394500107 ], [ 13177122.669404989108443, 1035935.662488518166356 ] ] ], [ [ [ 13603263.905812412500381, 2026516.754880164284259 ], [ 13585174.917660862207413, 1980415.287640384631231 ], [ 13623134.127450972795486, 1900713.122938998742029 ], [ 13593851.689710197970271, 1808303.254473589593545 ], [ 13528299.428555995225906, 1771450.324224165873602 ], [ 13510762.190236678346992, 1681804.431087216362357 ], [ 13535643.083165058866143, 1593244.468797019449994 ], [ 13594587.133763076737523, 1580993.665488588623703 ], [ 13643774.374802591279149, 1594152.376370615325868 ], [ 13782659.103481709957123, 1532504.729355646297336 ], [ 13772074.669174861162901, 1471974.592581294011325 ], [ 13808344.492588287219405, 1445260.64927315688692 ], [ 13796794.662867601960897, 1394016.411025562789291 ], [ 13710131.020939940586686, 1448596.389542636228725 ], [ 13669057.460222546011209, 1507017.601021113805473 ], [ 13640447.307746924459934, 1466199.677720951614901 ], [ 13569648.864189509302378, 1532766.148915416561067 ], [ 13468654.293175185099244, 1516332.076675418298692 ], [ 13413307.180016318336129, 1540902.735417596064508 ], [ 13418949.995158666744828, 1586866.320796841522679 ], [ 13453691.22023599408567, 1615151.783729917602614 ], [ 13420501.388479769229889, 1640868.752230356447399 ], [ 13406135.988927975296974, 1600794.946196881588548 ], [ 13351237.214205941185355, 1664686.509296989999712 ], [ 13334613.554407708346844, 1713109.506765983533114 ], [ 13330481.991173841059208, 1819562.865116860717535 ], [ 13375261.905258424580097, 1782971.354427207028493 ], [ 13386777.153318924829364, 1956930.670940008945763 ], [ 13423006.724124679341912, 2057689.619645887752995 ], [ 13490328.765675857663155, 2057560.410999161656946 ], [ 13558857.495896808803082, 2025812.779026100179181 ], [ 13593150.604927400127053, 2054767.747348107397556 ], [ 13603263.905812412500381, 2026516.754880164284259 ] ] ], [ [ [ 13570062.509771110489964, 1269384.997289032442495 ], [ 13552847.069923071190715, 1322304.277752014808357 ], [ 13619594.455461962148547, 1287881.848879645811394 ], [ 13690358.539749288931489, 1288045.639186554355547 ], [ 13688203.690898254513741, 1241596.57622417085804 ], [ 13636706.595109649002552, 1194380.267424945952371 ], [ 13566086.174825392663479, 1160989.395020458148792 ], [ 13562167.327719911932945, 1212658.843134730355814 ], [ 13570062.509771110489964, 1269384.997289032442495 ] ] ], [ [ [ 13955262.396374180912971, 1352431.464278656989336 ], [ 13986498.531122682616115, 1228274.075035235844553 ], [ 13900702.544160945340991, 1257777.790923157706857 ], [ 13903023.963195107877254, 1220456.39593306533061 ], [ 13930232.057300193235278, 1151838.598478013183922 ], [ 13877344.356231072917581, 1126926.126155770150945 ], [ 13872712.971252772957087, 1205131.383109973743558 ], [ 13839235.811490401625633, 1210906.297970316139981 ], [ 13821825.001941589638591, 1278228.33952149678953 ], [ 13887262.287415312603116, 1269356.308966437354684 ], [ 13885814.194294560700655, 1311455.53281412506476 ], [ 13817848.666995871812105, 1396360.84743483341299 ], [ 13924635.276908054947853, 1393910.108558893436566 ], [ 13955262.396374180912971, 1352431.464278656989336 ] ] ] ] } },
{ "type": "Feature", "properties": { "ADMIN": "Poland", "geo_cluster": 0, "resource_level": "Low_Resource", "average_hours": 38.617283950617285, "average_capital_gain": 0.50844531048035957, "income_rate": 19.753086419753085, "average_education_num": 10.148148148148149 }, "geometry": { "type": "Polygon", "coordinates": [ [ [ 2611318.759398916736245, 5994802.846989105455577 ], [ 2616145.514077991712838, 5945612.826073369011283 ], [ 2646990.909424946643412, 5903315.23025859054178 ], [ 2646353.094624929130077, 5858989.325558329932392 ], [ 2579668.867873766459525, 5836291.969803583808243 ], [ 2613973.429994388483465, 5784771.967834920622408 ], [ 2616093.808380290865898, 5735268.71046666521579 ], [ 2672015.466356398072094, 5638190.206681599840522 ], [ 2660092.132466734852642, 5606997.104416991584003 ], [ 2604911.700686045922339, 5594056.78061084356159 ], [ 2503940.147046828642488, 5501572.300267677754164 ], [ 2532625.022595257498324, 5451603.580425070598722 ], [ 2508353.256144301500171, 5458091.033158236183226 ], [ 2402681.265401465352625, 5500830.962877210229635 ], [ 2322637.175924965180457, 5485115.210652574896812 ], [ 2270140.21425739210099, 5496532.829460214823484 ], [ 2204444.400295169558376, 5472700.617037235759199 ], [ 2148367.625225962139666, 5512113.590895586647093 ], [ 2102651.115245189052075, 5497021.309309670701623 ], [ 2096376.267445362638682, 5503735.711137472651899 ], [ 2045200.970128035638481, 5558488.041980214416981 ], [ 1962530.898378658574075, 5565205.223684237338603 ], [ 1951980.934536941582337, 5600021.283029420301318 ], [ 1875723.592447924893349, 5612456.002948594279587 ], [ 1859122.950024798279628, 5583742.439077571034431 ], [ 1798719.242020951351151, 5606744.246875980868936 ], [ 1805654.921995901037008, 5637336.895876973867416 ], [ 1722519.387772173155099, 5647010.531538959592581 ], [ 1669815.6033137999475, 5682809.11033549439162 ], [ 1624236.975193560589105, 5753808.705736218951643 ], [ 1632902.182957818964496, 5792144.199571529403329 ], [ 1605389.636809073854238, 5851622.764769213274121 ], [ 1565017.049679426243529, 5891254.125703441910446 ], [ 1596017.562119482085109, 5920932.973793252371252 ], [ 1570039.174059273209423, 5977515.463944481685758 ], [ 1646009.188142145285383, 6010170.892296089790761 ], [ 1819537.623840778833255, 6061593.376206938177347 ], [ 1959571.664544475730509, 6099219.223240694031119 ], [ 2070547.325530764879659, 6080435.043643935583532 ], [ 2078930.987431417452171, 6053316.016772955656052 ], [ 2186165.824585384689271, 6051911.067331145517528 ], [ 2323114.202684392221272, 6039283.868782467208803 ], [ 2527585.66298284381628, 6040953.128855315968394 ], [ 2584616.269180807750672, 6029058.59448329731822 ], [ 2611318.759398916736245, 5994802.846989105455577 ] ] ] } },
{ "type": "Feature", "properties": { "ADMIN": "Portugal", "geo_cluster": 0, "resource_level": "Low_Resource", "average_hours": 42.274193548387096, "average_capital_gain": 0.40719185610842912, "income_rate": 19.35483870967742, "average_education_num": 6.870967741935484 }, "geometry": { "type": "Polygon", "coordinates": [ [ [ -1004627.028568188776262, 4656912.136854230426252 ], [ -964277.458813646342605, 4685168.80026966240257 ], [ -918899.982536718132906, 4701378.81448629219085 ], [ -891025.385309022967704, 4646939.608901022933424 ], [ -825346.695384317892604, 4647071.819814066402614 ], [ -806309.658246548497118, 4661112.529823314398527 ], [ -741515.969715382670984, 4657225.26211170013994 ], [ -710434.952059983043, 4601452.939086155965924 ], [ -761811.401220621075481, 4571348.881129667162895 ], [ -763245.038985026418231, 4484593.280896633863449 ], [ -781302.336547664017417, 4468320.107892274856567 ], [ -785770.042414106661454, 4415765.769579512067139 ], [ -833810.75130526535213, 4406612.081965797580779 ], [ -789266.570724176242948, 4339950.872589740902185 ], [ -819962.519925520638935, 4266894.168785889633 ], [ -781621.243947673006915, 4233836.436747658997774 ], [ -796880.206911766668782, 4203605.838825616985559 ], [ -838088.758418425102718, 4161908.80746950302273 ], [ -828817.42644306179136, 4125090.347685212269425 ], [ -873505.271027223207057, 4096233.119811115320772 ], [ -932127.634349011699669, 4111868.366820407565683 ], [ -989508.838535898248665, 4099629.016602005343884 ], [ -972523.127658715820871, 4186643.256518587935716 ], [ -982964.009157542721368, 4255016.758451388217509 ], [ -1032720.012871761806309, 4265273.723339470103383 ], [ -1059307.527409393340349, 4307410.308723560534418 ], [ -1050458.403034390415996, 4380202.701896372251213 ], [ -1006126.716191591811366, 4420569.506883481517434 ], [ -998237.205087885144167, 4465515.991151192225516 ], [ -975034.245446163928136, 4532381.243441830389202 ], [ -977499.328483401448466, 4579494.029650606215 ], [ -999731.221763798384927, 4619426.951557228341699 ], [ -1004627.028568188776262, 4656912.136854230426252 ] ] ] } },
{ "type": "Feature", "properties": { "ADMIN": "Puerto Rico", "geo_cluster": 0, "resource_level": "Low_Resource", "average_hours": 38.874285714285712, "average_capital_gain": 0.403312252309242, "income_rate": 11.428571428571429, "average_education_num": 8.331428571428571 }, "geometry": { "type": "Polygon", "coordinates": [ [ [ -7370278.484379772096872, 2058749.864436363335699 ], [ -7313443.247882581315935, 2048955.470951362280175 ], [ -7293394.891775815747678, 2026867.241674037417397 ], [ -7321878.615480934269726, 1998831.745210703229532 ], [ -7405582.912379363551736, 1999489.686314556980506 ], [ -7470546.173359975218773, 1995567.836942760273814 ], [ -7477025.064074383117259, 2043148.976697155740112 ], [ -7461263.277099534869194, 2059399.132326409453526 ], [ -7370278.484379772096872, 2058749.864436363335699 ] ] ] } },
{ "type": "Feature", "properties": { "ADMIN": "Republic of Serbia", "geo_cluster": 1, "resource_level": "Higher_Resource", "average_hours": 40.217391304347828, "average_capital_gain": 1.4823354794124373, "income_rate": 34.782608695652172, "average_education_num": 9.3913043478260878 }, "geometry": { "type": "Polygon", "coordinates": [ [ [ 2093783.310101985000074, 5104839.263201243244112 ], [ 2093784.755637619411573, 5104839.930371535941958 ], [ 2178983.180407011415809, 5134067.771343340165913 ], [ 2248385.236541374120861, 5129146.167287624441087 ], [ 2308651.06268468638882, 5085458.077387382276356 ], [ 2321120.253068995662034, 5050076.035243717953563 ], [ 2388861.722344316076487, 5023922.403786572627723 ], [ 2397590.200091351754963, 4978085.247177831828594 ], [ 2462424.141230189241469, 4945780.30562009755522 ], [ 2497332.047685695346445, 4970698.560084879398346 ], [ 2524764.311009194236249, 4956853.219776404090226 ], [ 2498998.416687276214361, 4938086.275412212125957 ], [ 2519362.900317830499262, 4918704.422428059391677 ], [ 2491930.636994331609458, 4893478.713653296232224 ], [ 2501906.056018807925284, 4852864.833267714828253 ], [ 2555931.504827427212149, 4804867.156860448420048 ], [ 2513541.950707277283072, 4770102.914408014155924 ], [ 2494838.27632586332038, 4734720.872264349833131 ], [ 2506893.70993352169171, 4721493.220452056266367 ], [ 2488603.681133708916605, 4705803.376673794351518 ], [ 2437070.780539384111762, 4703955.314962445758283 ], [ 2399215.093339723069221, 4697459.744990716688335 ], [ 2395510.519093315582722, 4705802.264723306521773 ], [ 2408809.446931901853532, 4719031.139681137166917 ], [ 2421277.747755819931626, 4746104.910167247056961 ], [ 2405484.714972254820168, 4745490.00154728628695 ], [ 2383872.84528406476602, 4766103.339697093702853 ], [ 2365586.81950600957498, 4771333.954793474636972 ], [ 2351040.839194934349507, 4789024.531085111200809 ], [ 2330260.152496656402946, 4795946.978849251754582 ], [ 2314467.119713091757149, 4811637.712187903933227 ], [ 2294518.727955212816596, 4805484.178186337463558 ], [ 2279141.564654226414859, 4768565.198077916167676 ], [ 2252542.597026566509157, 4760565.826265977695584 ], [ 2261685.053940350189805, 4770103.02560306340456 ], [ 2219294.165479614399374, 4793178.222133693285286 ], [ 2182758.808289613109082, 4805158.376693301834166 ], [ 2166512.09970687283203, 4820560.002905028872192 ], [ 2137004.269602144602686, 4839635.513529689051211 ], [ 2163188.479697714559734, 4844557.006390356458724 ], [ 2179396.270013368688524, 4896859.821502692997456 ], [ 2125783.577225959859788, 4939625.437277945689857 ], [ 2153629.041350864805281, 4988543.475104275159538 ], [ 2113315.276402041781694, 4988235.464819050393999 ], [ 2113315.832377285696566, 4988235.909599245525897 ], [ 2156124.925416624639183, 5030076.604958431795239 ], [ 2120797.480041929520667, 5061766.637896205298603 ], [ 2093783.310101985000074, 5104839.263201243244112 ] ] ] } },
{ "type": "Feature", "properties": { "ADMIN": "South Korea", "geo_cluster": 1, "resource_level": "Higher_Resource", "average_hours": 44.564356435643568, "average_capital_gain": 0.4742091786528998, "income_rate": 17.82178217821782, "average_education_num": 11.0 }, "geometry": { "type": "Polygon", "coordinates": [ [ [ 14030008.486554719507694, 4197578.177619311958551 ], [ 14036967.07270972430706, 4207662.678986677899957 ], [ 14086602.429795974865556, 4203703.57927352655679 ], [ 14129922.797669777646661, 4253890.574996963143349 ], [ 14208507.22974045202136, 4259274.750455760397017 ], [ 14255844.185167644172907, 4266598.167565937153995 ], [ 14271852.936345914378762, 4293490.245342279784381 ], [ 14367836.947265466675162, 4162296.655799778178334 ], [ 14395361.057699291035533, 4090219.691571059636772 ], [ 14396234.383612701669335, 3962117.657970833126456 ], [ 14354321.967447027564049, 3900998.52102289441973 ], [ 14253631.848476367071271, 3879637.173779690638185 ], [ 14164750.198909943923354, 3833524.253449882846326 ], [ 14064588.923591457307339, 3824002.843809728510678 ], [ 14052154.203672282397747, 3884550.104621598962694 ], [ 14072759.869363721460104, 3967944.27852887660265 ], [ 14023630.227359494194388, 4083692.097425270825624 ], [ 14106219.793893525376916, 4102421.680253059137613 ], [ 14030008.486554719507694, 4197578.177619311958551 ] ] ] } },
{ "type": "Feature", "properties": { "ADMIN": "Taiwan", "geo_cluster": 1, "resource_level": "Higher_Resource", "average_hours": 40.945454545454545, "average_capital_gain": 0.97516029151328731, "income_rate": 45.454545454545453, "average_education_num": 13.49090909090909 }, "geometry": { "type": "Polygon", "coordinates": [ [ [ 13541090.417411584407091, 2712522.488300065975636 ], [ 13474130.315744305029511, 2534230.45671008573845 ], [ 13426477.455183422192931, 2443018.714895687066019 ], [ 13367877.998041689395905, 2536899.582661903928965 ], [ 13355213.549151657149196, 2619339.814245374873281 ], [ 13420650.834625380113721, 2728554.25685344170779 ], [ 13509647.348677232861519, 2812729.798368760850281 ], [ 13560374.529947826638818, 2779608.907542801927775 ], [ 13541090.417411584407091, 2712522.488300065975636 ] ] ] } },
{ "type": "Feature", "properties": { "ADMIN": "Thailand", "geo_cluster": 1, "resource_level": "Higher_Resource", "average_hours": 45.827586206896555, "average_capital_gain": 0.3067411252224701, "income_rate": 17.241379310344829, "average_education_num": 10.862068965517242 }, "geometry": { "type": "Polygon", "coordinates": [ [ [ 11699807.045043839141726, 1587110.505124045070261 ], [ 11595577.365279216319323, 1603070.441675884881988 ], [ 11451802.611938245594501, 1581829.741060648113489 ], [ 11380601.864694211632013, 1489373.949040077626705 ], [ 11406936.521690828725696, 1355089.025945397792384 ], [ 11307108.497933652251959, 1406143.676634757779539 ], [ 11211998.035317610949278, 1404069.332999065052718 ], [ 11228305.567592054605484, 1491428.277566983131692 ], [ 11130379.423949852585793, 1490776.0074106187094 ], [ 11121587.898610137403011, 1368477.576993330381811 ], [ 11061563.476917808875442, 1206062.3080586749129 ], [ 11025408.517989812418818, 1107843.054267790168524 ], [ 11033039.500605016946793, 1027359.410763313760981 ], [ 11105475.62484141625464, 1023868.66459578264039 ], [ 11150600.24357733502984, 922379.942784514161758 ], [ 11170573.876611294224858, 826131.73242897039745 ], [ 11232626.718384156003594, 762449.883190931752324 ], [ 11299983.230400469154119, 749523.792351031559519 ], [ 11357594.274753261357546, 691815.118745377287269 ], [ 11321244.057319542393088, 646133.079229737631977 ], [ 11247848.319811845198274, 632853.72171974380035 ], [ 11239096.935884753242135, 689950.488971754792146 ], [ 11148370.671653492376208, 738649.250161816133186 ], [ 11129040.635562088340521, 718819.16993587941397 ], [ 11085111.252405913546681, 761487.378848366672173 ], [ 11066091.450500709936023, 816555.726019846973941 ], [ 11007003.624704571440816, 879329.667684289510362 ], [ 10953133.292989050969481, 932070.813679066020995 ], [ 10934883.516796911135316, 866711.142349418601952 ], [ 10913795.04220350459218, 928479.435992354876362 ], [ 10925930.981026507914066, 997855.806070440448821 ], [ 10958666.914593458175659, 1104495.972103331470862 ], [ 11012548.699399007484317, 1218758.447537620319054 ], [ 11073613.128382928669453, 1322416.362361222971231 ], [ 11030143.425558563321829, 1423824.578957147663459 ], [ 11031884.517632950097322, 1475479.794105171458796 ], [ 11019179.704940197989345, 1537549.871110598789528 ], [ 10945019.723861977458, 1625897.117272407282144 ], [ 10918472.461932018399239, 1681680.893387980293483 ], [ 10956868.334678834304214, 1702229.071239180630073 ], [ 10997562.609084712341428, 1798893.929442644119263 ], [ 10952018.562624655663967, 1872283.996002849889919 ], [ 10881449.959233146160841, 1953468.613095072563738 ], [ 10827717.509378161281347, 2051041.378872131695971 ], [ 10874629.254938675090671, 2071239.069929459132254 ], [ 10925327.636691624298692, 2191454.594692296348512 ], [ 11003826.003794509917498, 2196433.686588251031935 ], [ 11068723.10372107475996, 2244649.75007139518857 ], [ 11132402.173082895576954, 2270363.827500564511865 ], [ 11180537.731350693851709, 2236047.701094865333289 ], [ 11186921.772688459604979, 2169231.263430658727884 ], [ 11262058.602270541712642, 2164143.08919181348756 ], [ 11234695.279877308756113, 2046981.647639801027253 ], [ 11237321.373345235362649, 1947302.958833185024559 ], [ 11354525.847381139174104, 2013642.480933013372123 ], [ 11387819.090532766655087, 1994036.569925492862239 ], [ 11452946.141820287331939, 1997251.552371956175193 ], [ 11475350.387426350265741, 2035940.424072407884523 ], [ 11559445.534921376034617, 2028303.770509711932391 ], [ 11644006.033695699647069, 1938002.827340177958831 ], [ 11650941.713670648634434, 1828253.981327493675053 ], [ 11740978.346209144219756, 1731342.047725557815284 ], [ 11736007.816331947222352, 1637228.55991721409373 ], [ 11699807.045043839141726, 1587110.505124045070261 ] ] ] } },
{ "type": "Feature", "properties": { "ADMIN": "Trinidad and Tobago", "geo_cluster": 0, "resource_level": "Low_Resource", "average_hours": 38.846153846153847, "average_capital_gain": 0.30966695897280688, "income_rate": 7.6923076923076925, "average_education_num": 9.0384615384615383 }, "geometry": { "type": "Polygon", "coordinates": [ [ [ -6858510.611069961450994, 1196458.72527744458057 ], [ -6794573.457999837584794, 1210914.081623733509332 ], [ -6771222.497748140245676, 1207022.254915117286146 ], [ -6775670.299700844101608, 1124181.943546000402421 ], [ -6868518.165463545359671, 1111950.488176063634455 ], [ -6888533.27425071503967, 1121958.042569648474455 ], [ -6856286.710093608126044, 1152536.680994490161538 ], [ -6858510.611069961450994, 1196458.72527744458057 ] ] ] } },
{ "type": "Feature", "properties": { "ADMIN": "United Kingdom", "geo_cluster": 1, "resource_level": "Higher_Resource", "average_hours": 42.582733812949641, "average_capital_gain": 0.90351333563649217, "income_rate": 35.251798561151077, "average_education_num": 11.129496402877697 }, "geometry": { "type": "MultiPolygon", "coordinates": [ [ [ [ -689174.125140910386108, 5989806.519860584288836 ], [ -773220.346814454067498, 6012727.933638699352741 ], [ -841987.590415116748773, 6011199.446497652679682 ], [ -819066.176637001917697, 6070787.20523327589035 ], [ -841987.590415116748773, 6130363.399683821946383 ], [ -748770.445895292214118, 6134948.861106961965561 ], [ -629580.695457797613926, 6066201.743810134939849 ], [ -689174.125140910386108, 5989806.519860584288836 ] ] ], [ [ [ -344018.689078423951287, 5938321.210747154429555 ], [ -343823.986547944310587, 5938309.42407197970897 ], [ -327470.419523290183861, 6002864.710418480448425 ], [ -401936.854156050598249, 6071353.855202050879598 ], [ -403638.583183155220468, 6072919.036709207110107 ], [ -538647.608435735455714, 6092484.695109055377543 ], [ -565151.837881802464835, 6122577.411170564591885 ], [ -524741.889215752016753, 6172267.365025785751641 ], [ -561310.493725349428132, 6202903.046510670334101 ], [ -621179.798324578558095, 6150325.579627754166722 ], [ -627695.939380339230411, 6257503.040136531926692 ], [ -683847.437522351741791, 6314211.95905826613307 ], [ -643466.288373945048079, 6429169.625937762670219 ], [ -557087.083381159114651, 6519367.157711897045374 ], [ -468297.392120105156209, 6510564.068087104707956 ], [ -334141.677672151243314, 6519921.687420350499451 ], [ -452989.503334531735163, 6399611.42447591945529 ], [ -339701.096527885121759, 6414844.478993639349937 ], [ -217862.346442408656003, 6414264.152033859863877 ], [ -246851.674034500319976, 6323664.316573103889823 ], [ -346817.690847260761075, 6224008.645141594111919 ], [ -231842.677540148666594, 6216914.957002274692059 ], [ -223021.24073230146314, 6205228.913346788845956 ], [ -123981.4786761917494, 6074027.984931064769626 ], [ -47867.800590247279615, 6056168.948140469379723 ], [ 20568.971325329646788, 5929477.534929543733597 ], [ 52259.115458152191422, 5885553.822720857337117 ], [ 186977.921633318474051, 5864373.50101712718606 ], [ 173462.94181488014874, 5793261.821007194928825 ], [ 116817.292875922183157, 5760655.318477066233754 ], [ 161217.809453938854858, 5703130.450287107378244 ], [ 61194.415995988587383, 5644898.826366864144802 ], [ -87567.991259694928885, 5645927.3805684261024 ], [ -276875.449165742204059, 5615352.077995049767196 ], [ -328723.031748220499139, 5637242.0465003317222 ], [ -402242.306955152598675, 5585144.497448111884296 ], [ -505104.398814367421437, 5597763.022782982327044 ], [ -583220.588534468202852, 5555304.638927614316344 ], [ -642325.649563173996285, 5577507.843885417096317 ], [ -479249.548453395313118, 5694298.561144671402872 ], [ -379714.523649851966184, 5718317.581249664537609 ], [ -380589.406293948821258, 5718410.87389562278986 ], [ -554236.931889866245911, 5736937.970539514906704 ], [ -585697.235856782877818, 5781186.261095699854195 ], [ -469504.080789873783942, 5815651.833647009916604 ], [ -530401.828395616961643, 5875546.935497564263642 ], [ -509273.212389588356018, 5948379.581278048455715 ], [ -344018.689078423951287, 5938321.210747154429555 ] ] ] ] } },
{ "type": "Feature", "properties": { "ADMIN": "United States of America", "geo_cluster": 1, "resource_level": "Higher_Resource", "average_hours": 40.897669460729688, "average_capital_gain": 0.75541160245097749, "income_rate": 25.299190852269977, "average_education_num": 10.222588303696885 }, "geometry": { "type": "MultiPolygon", "coordinates": [ [ [ [ -13659199.796754768118262, 5448557.392062712460756 ], [ -13343405.858112763613462, 5448557.392062712460756 ], [ -13013291.10913354344666, 5448557.392062712460756 ], [ -12903983.04029437340796, 5448557.392062712460756 ], [ -12565040.516389520838857, 5448557.392062712460756 ], [ -12237015.122377581894398, 5448557.392062712460756 ], [ -11903429.975924761965871, 5448557.392062712460756 ], [ -11569651.350087001919746, 5448541.824755877256393 ], [ -11191781.6634920835495, 5448557.392062712460756 ], [ -10811352.266873380169272, 5448635.22859688475728 ], [ -10581217.4340880215168, 5448557.392062712460756 ], [ -10580886.072842545807362, 5491284.089570877142251 ], [ -10543245.436867298558354, 5491817.825805202126503 ], [ -10523499.420098267495632, 5430766.184251895174384 ], [ -10488933.327222825959325, 5411945.310289027169347 ], [ -10411289.16048495657742, 5405109.038687720894814 ], [ -10297773.470998525619507, 5387400.11521302908659 ], [ -10189914.273645447567105, 5352929.650079570710659 ], [ -10099846.284103186801076, 5367385.006425860337913 ], [ -9963076.374057531356812, 5338474.293733282014728 ], [ -9926706.363905124366283, 5339564.894772085361183 ], [ -9827208.700637981295586, 5371045.325042837299407 ], [ -9722872.05123639665544, 5330690.640316049568355 ], [ -9614145.310112442821264, 5287695.74035013653338 ], [ -9524118.685128340497613, 5250654.556883064098656 ], [ -9437799.859047064557672, 5215057.018734790384769 ], [ -9427031.508129470050335, 5185814.83360168710351 ], [ -9400846.297278461977839, 5174871.239287157543004 ], [ -9407645.985708706080914, 5163853.589070113375783 ], [ -9377823.473615823313594, 5160425.445715066045523 ], [ -9356187.141016894951463, 5171929.240685540251434 ], [ -9350597.47710788063705, 5145597.474760189652443 ], [ -9328237.709521345794201, 5127973.949082989245653 ], [ -9297699.768484368920326, 5127973.949082989245653 ], [ -9281400.798228684812784, 5114381.355120476335287 ], [ -9295111.147747894749045, 5094611.765001095831394 ], [ -9179254.13531356304884, 5042419.366572235710919 ], [ -9155551.576317504048347, 4941507.96945442724973 ], [ -9133299.11195307597518, 4844889.25719622336328 ], [ -9165807.87403529509902, 4779163.198180722072721 ], [ -9218069.546979568898678, 4718005.921331038698554 ], [ -9242532.457719443365932, 4679087.654244875535369 ], [ -9244978.748793428763747, 4667487.897947273217142 ], [ -9232503.7762665823102, 4651599.793396968394518 ], [ -9194728.483087215572596, 4634065.334953871555626 ], [ -9166839.541698222979903, 4634065.334953871555626 ], [ -9037683.045450059697032, 4693434.706613617017865 ], [ -8923118.897848330438137, 4710911.67721647489816 ], [ -8777666.211220702156425, 4766221.317643889226019 ], [ -8775513.252685494720936, 4777495.272448458708823 ], [ -8785520.807079080492258, 4811409.762337828055024 ], [ -8803498.155401617288589, 4833241.68702762760222 ], [ -8753305.377535643056035, 4850893.901027423329651 ], [ -8644067.917552471160889, 4851335.011786081828177 ], [ -8542007.430800182744861, 4851304.766732804477215 ], [ -8506421.234546886757016, 4894634.69738080445677 ], [ -8492521.853444688022137, 4903291.343126304447651 ], [ -8375012.037804727442563, 4983367.345581815578043 ], [ -8324839.719827736727893, 5003830.570415719412267 ], [ -8155915.537515493109822, 5004597.816252560354769 ], [ -7951008.637405873276293, 5004688.996192591264844 ], [ -7939882.460821182467043, 5032131.934240777045488 ], [ -7904280.030090761370957, 5037718.373493373394012 ], [ -7857042.14945206604898, 5054926.919248386286199 ], [ -7817567.907121816650033, 5105520.666460396721959 ], [ -7783650.081380981951952, 5192038.198093911632895 ], [ -7698835.613115157000721, 5275958.32458209618926 ], [ -7661894.838777167722583, 5246738.378458756953478 ], [ -7587331.886842033825815, 5265625.969450916163623 ], [ -7537963.509067991748452, 5233546.197867035865784 ], [ -7538061.360710951499641, 5081926.189051788300276 ], [ -7465347.582437654957175, 5019069.851856172084808 ], [ -7446138.63775441236794, 4982616.779002296738327 ], [ -7564879.382584782317281, 4928742.777850166894495 ], [ -7679130.071343896910548, 4890358.24699832778424 ], [ -7796570.946053586900234, 4857450.072300758212805 ], [ -7855427.152563040144742, 4791421.117972277104855 ], [ -7874265.150563426315784, 4766409.12608134187758 ], [ -7875389.332506972365081, 4707442.391693365760148 ], [ -7838694.966397161595523, 4648509.015820034779608 ], [ -7792549.021137855015695, 4645729.139599594287574 ], [ -7804224.501263703219593, 4686315.332418020814657 ], [ -7770862.650766956619918, 4661611.128422212786973 ], [ -7779764.926375295035541, 4629847.150776975788176 ], [ -7854818.248475715517998, 4611814.649710224941373 ], [ -7908235.237977204844356, 4613977.393409727141261 ], [ -7990476.208033193834126, 4594579.417143495753407 ], [ -8038846.054268853738904, 4589019.664702615700662 ], [ -8103498.191502873785794, 4583532.189043466001749 ], [ -8196187.048345765098929, 4551335.885048426687717 ], [ -8032870.432345394045115, 4572282.585954589769244 ], [ -7999927.787182689644396, 4551213.348104628734291 ], [ -8155600.855527340434492, 4517854.833459347486496 ], [ -8226432.101624154485762, 4517632.44336171168834 ], [ -8223132.38855049200356, 4531281.635604072362185 ], [ -8256978.49348483979702, 4500453.920269879512489 ], [ -8224257.126469281502068, 4495352.291430128738284 ], [ -8248268.58531095739454, 4415473.104211024008691 ], [ -8329180.77453357540071, 4329884.051235136575997 ], [ -8337450.350314142182469, 4358445.611474426463246 ], [ -8361869.894984974525869, 4364233.313765382394195 ], [ -8398345.206848613917828, 4392037.635722225531936 ], [ -8375211.076942111365497, 4332159.101933944039047 ], [ -8347616.357652289792895, 4312369.94148597214371 ], [ -8345936.756439901888371, 4270347.998197212815285 ], [ -8381601.456397660076618, 4227136.490276203490794 ], [ -8444177.58207025565207, 4138333.900389486458153 ], [ -8454300.779314612969756, 4142749.455778033938259 ], [ -8419917.046319231390953, 4218412.126745973713696 ], [ -8476717.701156239956617, 4260906.982577354647219 ], [ -8489741.977224245667458, 4353286.16120928991586 ], [ -8511172.043007621541619, 4305207.090026289224625 ], [ -8487443.575565185397863, 4234669.954833596944809 ], [ -8560906.586077416315675, 4252097.777224876917899 ], [ -8484362.360762450844049, 4216287.745338314212859 ], [ -8479594.317069152370095, 4110480.652611163910478 ], [ -8447688.009761428460479, 4102792.626935915555805 ], [ -8436150.411496112123132, 4064318.028094535227865 ], [ -8420521.947384798899293, 3953066.269802031107247 ], [ -8491207.527967663481832, 3870537.304569604340941 ], [ -8606233.802192278206348, 3837564.636743719223887 ], [ -8679325.087656313553452, 3772344.292810240294784 ], [ -8734854.783085336908698, 3765212.242379079572856 ], [ -8791155.060202669352293, 3724361.405344466678798 ], [ -8807044.832678703591228, 3687048.794763231184334 ], [ -8929109.753493474796414, 3614879.316253895871341 ], [ -8991785.398734763264656, 3561944.357289030216634 ], [ -9044192.737192990258336, 3496026.820399465039372 ], [ -9061331.230067247524858, 3417022.738214555662125 ], [ -9041681.952990688383579, 3339801.112662192899734 ], [ -9004575.053249763324857, 3244671.524497753940523 ], [ -8955158.30562948808074, 3165959.885291235055774 ], [ -8954537.281281841918826, 3117909.168845682404935 ], [ -8901890.762273607775569, 2988922.912217259407043 ], [ -8905390.737630192190409, 2913951.318477720487863 ], [ -8910232.726030955091119, 2870697.55643815966323 ], [ -8937972.554859481751919, 2802800.191704397089779 ], [ -8971216.538604483008385, 2788771.824345567729324 ], [ -9025938.957979090511799, 2802255.335965191014111 ], [ -9043493.320335926488042, 2851041.051683427765965 ], [ -9085747.438886616379023, 2876615.912911477033049 ], [ -9144680.814759947359562, 2972243.654894618317485 ], [ -9196403.191717458888888, 3057312.315042039845139 ], [ -9213094.680495468899608, 3100811.818139487411827 ], [ -9190270.784775167703629, 3174618.643742662388831 ], [ -9221405.398444097489119, 3235775.920592345762998 ], [ -9308091.946551814675331, 3328797.2506312020123 ], [ -9351503.605560695752501, 3345859.018921775743365 ], [ -9463679.394708873704076, 3295393.146015905309469 ], [ -9483585.532348202541471, 3300949.562605320941657 ], [ -9537544.04173743352294, 3352820.940928245894611 ], [ -9607252.217841191217303, 3380329.484055233653635 ], [ -9732942.653222659602761, 3366355.602270324714482 ], [ -9831623.811246333643794, 3378650.438818087801337 ], [ -9916428.939128058031201, 3370986.876053578220308 ], [ -9962390.411801375448704, 3353642.005168715491891 ], [ -9942364.628289520740509, 3324085.916412800550461 ], [ -9944173.215758539736271, 3278990.764364819973707 ], [ -9920563.17104309424758, 3257023.070520413573831 ], [ -9941752.499545779079199, 3242404.257452363148332 ], [ -9983011.422409551218152, 3258808.863004425074905 ], [ -10024748.483983241021633, 3237714.050293236039579 ], [ -10105431.055430050939322, 3241172.772286708001047 ], [ -10188444.831075323745608, 3299935.463760104496032 ], [ -10285437.492282701656222, 3286069.441172548569739 ], [ -10366310.763238234445453, 3311805.535221384372562 ], [ -10435479.643355226144195, 3304008.538398293312639 ], [ -10529059.172539146617055, 3278030.039143035653979 ], [ -10630275.577675862237811, 3195593.365801127161831 ], [ -10740778.993289822712541, 3147651.620503416284919 ], [ -10801487.042142283171415, 3094558.208593985065818 ], [ -10827061.903370333835483, 3044520.436626062262803 ], [ -10828173.853858508169651, 2967795.852941914461553 ], [ -10822614.101417629048228, 2914422.229509463068098 ], [ -10801487.042142283171415, 2876615.912911477033049 ], [ -10844853.11118114925921, 2873280.061446948442608 ], [ -10923801.595841649919748, 2897742.972186821978539 ], [ -11010533.733919382095337, 2932213.43732028035447 ], [ -11041668.347588311880827, 2984475.11026455508545 ], [ -11066131.258328186348081, 3062311.644436879083514 ], [ -11131736.337130574509501, 3125692.822262915316969 ], [ -11170192.032813655212522, 3190866.464275890961289 ], [ -11225985.260508377104998, 3266989.482745935674757 ], [ -11304355.530915027484298, 3311310.71725414507091 ], [ -11395268.602828303351998, 3309164.652811965439469 ], [ -11465321.483583392575383, 3221320.564246056601405 ], [ -11557613.37410200573504, 3254679.078891338314861 ], [ -11615097.878489242866635, 3288255.53583230311051 ], [ -11642760.982734087854624, 3349387.237820758484304 ], [ -11679635.484822982922196, 3407463.299867706373334 ], [ -11745709.806731382384896, 3456367.994288177229464 ], [ -11802564.947142312303185, 3491518.973120399285108 ], [ -11843116.669495603069663, 3530945.401579658035189 ], [ -12035752.084017712622881, 3530982.540725963655859 ], [ -12035967.802412420511246, 3485099.68295215908438 ], [ -12124152.147827710956335, 3485068.548338490072638 ], [ -12345275.733856892213225, 3484265.720086026936769 ], [ -12598952.782377913594246, 3562593.736374125350267 ], [ -12766859.529993476346135, 3616650.097406316082925 ], [ -12756450.561473662033677, 3638394.289202599320561 ], [ -12897663.825670067220926, 3626336.298108817543834 ], [ -13024026.991096882149577, 3617768.719597421586514 ], [ -13042727.552016930654645, 3674576.602112604305148 ], [ -13114788.837743766605854, 3738514.978328265249729 ], [ -13166672.669912159442902, 3751822.023405414074659 ], [ -13178825.510382581502199, 3783720.88064486766234 ], [ -13241217.608249384909868, 3789304.873606390319765 ], [ -13281007.755713324993849, 3819380.576825430151075 ], [ -13384301.173166902735829, 3830348.078075457364321 ], [ -13412664.806219300255179, 3848299.406756571028382 ], [ -13426171.668799174949527, 3909268.763973752968013 ], [ -13534057.552963966503739, 4020983.093669337686151 ], [ -13626671.909124152734876, 4175569.786387038882822 ], [ -13622728.93269307911396, 4201325.895544660277665 ], [ -13671785.964330432936549, 4238055.844070091843605 ], [ -13757852.044065749272704, 4331231.735226805321872 ], [ -13773193.624951114878058, 4421892.394379264675081 ], [ -13832449.466466015204787, 4482628.241993929259479 ], [ -13808074.399814708158374, 4574788.922354937531054 ], [ -13811948.435315513983369, 4670152.020121892914176 ], [ -13847435.223195163533092, 4755366.345783266238868 ], [ -13803991.317622125148773, 4860155.447838489897549 ], [ -13790469.443710660561919, 4961066.622566199861467 ], [ -13776947.56979919411242, 5061977.797293909825385 ], [ -13797041.071095779538155, 5211128.16407491825521 ], [ -13832182.598348852247, 5306246.632734475657344 ], [ -13864600.402881136164069, 5357870.379683683626354 ], [ -13851133.681713888421655, 5379584.77120688278228 ], [ -13690334.410423696041107, 5341810.145197810605168 ], [ -13631107.479621486738324, 5236842.019113989546895 ], [ -13603602.272345963865519, 5266197.512001837603748 ], [ -13621393.480156783014536, 5357377.452032274566591 ], [ -13659199.796754768118262, 5448557.392062712460756 ] ] ], [ [ [ -17279948.543660502880812, 2232768.781495331786573 ], [ -17260198.079089518636465, 2223124.834911380894482 ], [ -17242155.570468373596668, 2208233.593973726965487 ], [ -17213817.512277204543352, 2169271.960818525869399 ], [ -17216492.865151755511761, 2163108.419262565672398 ], [ -17259936.770724795758724, 2139361.604637077543885 ], [ -17295512.514643501490355, 2121988.490209815092385 ], [ -17311753.663473803550005, 2103386.670493117533624 ], [ -17339383.409203995019197, 2119309.801483798772097 ], [ -17336204.342758305370808, 2150387.705677831545472 ], [ -17354597.115783222019672, 2190869.375150369480252 ], [ -17349060.714302595704794, 2203243.160182792693377 ], [ -17329757.253827858716249, 2221375.736793479882181 ], [ -17337428.600245784968138, 2243243.355093949940056 ], [ -17330980.399364851415157, 2253613.405346679966897 ], [ -17322526.239803250879049, 2251555.18499306589365 ], [ -17279948.543660502880812, 2232768.781495331786573 ] ] ], [ [ [ -17345945.029034722596407, 2308858.441450731363147 ], [ -17355240.935115877538919, 2295507.251939201261848 ], [ -17392512.403529047966003, 2287550.134245813824236 ], [ -17411669.086539346724749, 2310966.699576313141733 ], [ -17424449.845450446009636, 2320006.857045184355229 ], [ -17425437.257483944296837, 2326952.09979433240369 ], [ -17414543.478551283478737, 2336484.851329465396702 ], [ -17375016.9745480902493, 2325916.873889840207994 ], [ -17345945.029034722596407, 2308858.441450731363147 ] ] ], [ [ [ -17430740.149362057447433, 2354759.757602639030665 ], [ -17434197.20342979580164, 2342738.460874967742711 ], [ -17493784.406190175563097, 2345967.565092631150037 ], [ -17485451.449231784790754, 2359512.23398910369724 ], [ -17430740.149362057447433, 2354759.757602639030665 ] ] ], [ [ [ -17571619.828412011265755, 2414818.427370004821569 ], [ -17562325.034281346946955, 2407675.257433962076902 ], [ -17530214.128083799034357, 2370919.734047302044928 ], [ -17536240.899729713797569, 2364498.219978085253388 ], [ -17544199.129373591393232, 2365929.300256368238479 ], [ -17582902.790015533566475, 2369837.80622230656445 ], [ -17597039.016571715474129, 2395051.28354169940576 ], [ -17601358.944218281656504, 2399491.301840986125171 ], [ -17571619.828412011265755, 2414818.427370004821569 ] ] ], [ [ [ -17720675.679401524364948, 2470191.337780196685344 ], [ -17718388.397247344255447, 2444289.563108623027802 ], [ -17731576.130037114024162, 2433280.141325192060322 ], [ -17769025.510528396815062, 2453555.446526594460011 ], [ -17763272.278702571988106, 2461658.229733933694661 ], [ -17746307.25010447204113, 2472553.120617082342505 ], [ -17720675.679401524364948, 2470191.337780196685344 ] ] ], [ [ [ -18510394.257999144494534, 6714420.730960641987622 ], [ -18422176.331679109483957, 6704350.573754574172199 ], [ -18411583.224158450961113, 6661693.929127163253725 ], [ -18479813.173283226788044, 6644397.984063779935241 ], [ -18552708.977851439267397, 6665187.56636596377939 ], [ -18620197.700780797749758, 6695395.146912899799645 ], [ -18510394.257999144494534, 6714420.730960641987622 ] ] ], [ [ [ -17038276.001414775848389, 6445862.226666261442006 ], [ -16964449.383092913776636, 6438352.001874072477221 ], [ -16917342.26783162727952, 6403840.616962649859488 ], [ -17013544.554632008075714, 6350998.839448692277074 ], [ -17124603.500709861516953, 6308615.178666128776968 ], [ -17181458.974705941975117, 6337311.50730458740145 ], [ -17198648.617302652448416, 6389400.49433804769069 ], [ -17097659.828430868685246, 6428916.879591800272465 ], [ -17038276.001414775848389, 6445862.226666261442006 ] ] ], [ [ [ -15676943.81825846619904, 7751629.020782876759768 ], [ -15676945.152599051594734, 7751629.243172976188362 ], [ -15677667.920416368171573, 7338876.557813484221697 ], [ -15678255.03027412481606, 6705771.980063608847558 ], [ -15568752.37009952031076, 6702483.942470071837306 ], [ -15460448.392551172524691, 6671702.929056381806731 ], [ -15382822.017021114006639, 6623011.729129640385509 ], [ -15284037.447602039203048, 6549944.350601103156805 ], [ -15175869.12801324762404, 6612090.151434775441885 ], [ -15064241.530455742031336, 6648105.115796309895813 ], [ -15005215.862691892310977, 6590592.812646867707372 ], [ -14930282.631244195625186, 6545063.999908498488367 ], [ -14828478.00429923646152, 6494933.936050057411194 ], [ -14758965.531481400132179, 6415163.719978794455528 ], [ -14645256.362610023468733, 6288315.744139133952558 ], [ -14456221.443768629804254, 6217563.446526979096234 ], [ -14453132.445312473922968, 6147418.273881368339062 ], [ -14514969.123910436406732, 6093797.797440541908145 ], [ -14514969.012715388089418, 6093794.906369272619486 ], [ -14514969.123910436406732, 6093794.795174224302173 ], [ -14576093.931805863976479, 6135621.146372112445533 ], [ -14674100.469468360766768, 6171077.911588584072888 ], [ -14705546.429273981601, 6268064.457068276591599 ], [ -14848895.750358173623681, 6358009.131301399320364 ], [ -14908816.760655101388693, 6462997.383689055219293 ], [ -15015580.46438722871244, 6470185.810009967535734 ], [ -15192364.023944949731231, 6472909.421535705216229 ], [ -15322678.394236451014876, 6504909.799854729324579 ], [ -15552605.403475571423769, 6620304.352081029675901 ], [ -15659073.217182794585824, 6641404.168569414876401 ], [ -15853572.260723086073995, 6681093.017343883402646 ], [ -16007514.800522986799479, 6671611.749116351827979 ], [ -16226199.434351401403546, 6722698.09039462544024 ], [ -16358389.998701602220535, 6770072.29616317152977 ], [ -16481808.941625827923417, 6746535.973765094764531 ], [ -16458876.074757684022188, 6669293.22115345671773 ], [ -16520339.916356954723597, 6662159.391601514071226 ], [ -16648996.479665635153651, 6638973.555997310206294 ], [ -16746890.932718923315406, 6601451.120358956977725 ], [ -16870111.726066157221794, 6577834.403940584510565 ], [ -16886017.065849024802446, 6643346.412487111985683 ], [ -16836011.095665063709021, 6752408.629073346965015 ], [ -16717835.444072782993317, 6786632.797173674218357 ], [ -16748321.790607109665871, 6814524.629633936099708 ], [ -16890065.232796277850866, 6752563.746166448108852 ], [ -16965954.852858852595091, 6678558.882181328721344 ], [ -17126169.349387310445309, 6599457.170743559487164 ], [ -17044812.268774371594191, 6545466.303595120087266 ], [ -17149889.477201085537672, 6465588.89549679774791 ], [ -17269424.043484963476658, 6419044.983157773502171 ], [ -17380712.940923772752285, 6385128.158172377385199 ], [ -17408262.848608918488026, 6335892.213701479136944 ], [ -17581851.663219064474106, 6278473.647978190332651 ], [ -17617000.862930502742529, 6226272.687530569732189 ], [ -17747099.737217396497726, 6178740.362402603961527 ], [ -17823423.240360457450151, 6187290.705681433901191 ], [ -17927204.692883297801018, 6156284.411098840646446 ], [ -18040036.310429401695728, 6118417.159614101983607 ], [ -18132515.119825076311827, 6081227.975537054240704 ], [ -18323339.389392044395208, 6049474.672616502270103 ], [ -18340758.872154664248228, 6068161.222960399463773 ], [ -18219124.1649837680161, 6120112.216938277706504 ], [ -18110337.712118599563837, 6154428.343343975953758 ], [ -17991823.138017524033785, 6215245.696929425001144 ], [ -17853877.896305866539478, 6227818.409904182888567 ], [ -17799053.73346158862114, 6273408.379919401369989 ], [ -17644924.385979674756527, 6339971.960042596794665 ], [ -17620089.416606459766626, 6362238.323788126930594 ], [ -17537991.109798099845648, 6401499.071624647825956 ], [ -17518810.408657260239124, 6485821.057019258849323 ], [ -17462256.718023676425219, 6551488.293853936716914 ], [ -17590470.836233105510473, 6517786.964873149991035 ], [ -17626329.793941151350737, 6536910.178173752501607 ], [ -17686529.459030415862799, 6496480.214398914948106 ], [ -17759146.608806293457747, 6552878.78793939948082 ], [ -17789127.24025859311223, 6512977.4454266410321 ], [ -17830712.187005501240492, 6568416.405695830471814 ], [ -17941877.435550026595592, 6523906.695579876191914 ], [ -18010139.07526371255517, 6523998.653885246254504 ], [ -18019712.190601568669081, 6590188.618644416332245 ], [ -17999606.346654560416937, 6630963.398265636526048 ], [ -18071203.504247631877661, 6670560.288734732195735 ], [ -18215788.424714289605618, 6649247.756117960438132 ], [ -18309623.368925344198942, 6701445.825494311749935 ], [ -18385699.685474883764982, 6728133.971551122143865 ], [ -18386193.836271829903126, 6791114.736006366088986 ], [ -18471874.847553089261055, 6838497.614988720044494 ], [ -18428850.4808992408216, 6902432.321767769753933 ], [ -18338196.159864563494921, 6964487.943416851572692 ], [ -18298536.110607739537954, 7021564.584365024231374 ], [ -18208559.74578570574522, 7029689.717777175828815 ], [ -18132267.933231554925442, 7011899.62191684730351 ], [ -18042570.334396906197071, 7065548.675485219806433 ], [ -17961831.053475193679333, 7055972.669076097197831 ], [ -17877106.764393962919712, 7090475.491968761198223 ], [ -17897769.917925640940666, 7141257.270008321851492 ], [ -17960009.456185463815928, 7161271.155649954453111 ], [ -17877692.873496282845736, 7204171.984604568220675 ], [ -17945983.09033751860261, 7202907.808094561100006 ], [ -18063974.825319048017263, 7178690.638412573374808 ], [ -18097859.959715530276299, 7154134.323831693269312 ], [ -18185549.264773484319448, 7178658.947823661379516 ], [ -18342827.54484286531806, 7166181.195420593954623 ], [ -18505668.0236442014575, 7192837.650888491421938 ], [ -18552338.364753730595112, 7237562.968204105272889 ], [ -18693061.925955146551132, 7302178.522267064079642 ], [ -18536800.74699730053544, 7348693.746283493936062 ], [ -18288773.407711651176214, 7402994.958813182078302 ], [ -18197349.060963913798332, 7402994.958813182078302 ], [ -18212481.595157500356436, 7347458.258096081204712 ], [ -17977767.972651928663254, 7351785.191030721180141 ], [ -18068051.791783943772316, 7420664.408045542426407 ], [ -18204821.924219697713852, 7463010.818486751057208 ], [ -18283912.071372393518686, 7518602.004777773283422 ], [ -18390581.036922927945852, 7566019.354225260205567 ], [ -18543380.158035840839148, 7601168.665131750516593 ], [ -18481140.508580964058638, 7659451.994749693199992 ], [ -18283892.056263606995344, 7663066.278616460971534 ], [ -18143541.999231170862913, 7713724.51895678602159 ], [ -18117072.240250237286091, 7767870.614393373019993 ], [ -18003467.705919802188873, 7820718.062854818999767 ], [ -17895152.608866572380066, 7833434.328637599945068 ], [ -17684368.939231891185045, 7882799.592950275167823 ], [ -17582130.318011395633221, 7875358.309088351204991 ], [ -17411012.479776080697775, 7934630.05149523448199 ], [ -17242770.479088336229324, 7911280.425584122538567 ], [ -17162306.961887691169977, 7861090.649984466843307 ], [ -17112918.680199913680553, 7882615.787534578703344 ], [ -16924999.0476981587708, 7875944.41819066926837 ], [ -16931670.305847018957138, 7850371.113693302497268 ], [ -16761540.769205594435334, 7831469.178539847955108 ], [ -16648123.0425571706146, 7842587.905056266114116 ], [ -16413874.993721, 7807453.049506122246385 ], [ -16200005.550286585465074, 7796997.935041045770049 ], [ -16114387.697793051600456, 7782540.5771838799119 ], [ -15966435.457663057371974, 7800612.218907813541591 ], [ -15797759.685089869424701, 7767189.655914414674044 ], [ -15676943.81825846619904, 7751629.020782876759768 ], [ -15676943.81825846619904, 7751629.020782876759768 ] ] ], [ [ [ -19095709.983643434941769, 7092299.869134710170329 ], [ -19027077.842027083039284, 7071136.782663548365235 ], [ -18957767.521807994693518, 7082565.85456121712923 ], [ -18867854.426968734711409, 7053226.040175253525376 ], [ -18757430.404619630426168, 7038369.269702732563019 ], [ -18766604.218537181615829, 7026259.239326104521751 ], [ -18850834.356821469962597, 7002722.916928028687835 ], [ -18935466.687597330659628, 7026908.618411200121045 ], [ -18977813.098038543015718, 7047077.621145931072533 ], [ -19075851.215094901621342, 7040624.638877900317311 ], [ -19102320.974075835198164, 7050416.141291631385684 ], [ -19095709.983643434941769, 7092299.869134710170329 ] ] ] ] } },
{ "type": "Feature", "properties": { "ADMIN": "Vietnam", "geo_cluster": 0, "resource_level": "Low_Resource", "average_hours": 38.638554216867469, "average_capital_gain": 0.90833871170153513, "income_rate": 8.4337349397590362, "average_education_num": 9.5060240963855414 }, "geometry": { "type": "Polygon", "coordinates": [ [ [ 11601461.47367749735713, 1166051.772007977124304 ], [ 11697709.68403304181993, 1210837.357040049275383 ], [ 11814437.242504566907883, 1218899.220469423569739 ], [ 11765606.381596511229873, 1286261.514628275763243 ], [ 11952511.804058, 1371836.223442866234109 ], [ 11966204.918344644829631, 1505084.030317224562168 ], [ 11940427.570932699367404, 1579241.12032417440787 ], [ 11960642.608417641371489, 1690406.368868697667494 ], [ 11932641.582419440150261, 1768950.659526746254414 ], [ 11848500.511369256302714, 1846314.169961400562897 ], [ 11778420.276632156223059, 1944280.455016224877909 ], [ 11685998.955076716840267, 2075675.196402037749067 ], [ 11552779.947720002382994, 2142192.741775022353977 ], [ 11584676.914643624797463, 2182165.916289317887276 ], [ 11655751.233117157593369, 2211296.128008260857314 ], [ 11612654.923266721889377, 2308268.329326656181365 ], [ 11475758.362060463055968, 2309138.875363849569112 ], [ 11425835.6769680660218, 2410167.916843306273222 ], [ 11360846.618736127391458, 2497969.306510469410568 ], [ 11420508.989349506795406, 2525105.568614015355706 ], [ 11509189.598267670720816, 2524545.367958072107285 ], [ 11617309.32562012784183, 2537376.498226282652467 ], [ 11712086.536674864590168, 2596633.785276819486171 ], [ 11765686.775616804137826, 2554916.627616869285703 ], [ 11867336.396663714200258, 2534609.743021602742374 ], [ 11849753.123594185337424, 2470554.389614586252719 ], [ 11902698.312503540888429, 2425375.174109699670225 ], [ 12014645.039851155132055, 2396517.946235603187233 ], [ 11866187.195834184065461, 2301387.357315725181252 ], [ 11773518.798880273476243, 2196330.163997801952064 ], [ 11749091.915336219593883, 2119173.58754899725318 ], [ 11834135.111817460507154, 2001969.113513092044741 ], [ 11938117.716183610260487, 1856674.54624488321133 ], [ 12039031.781982589513063, 1787987.696664515417069 ], [ 12106595.227984752506018, 1698692.401516487821937 ], [ 12157540.685136172920465, 1492907.838886550161988 ], [ 12142514.453409256413579, 1297296.956053130328655 ], [ 12049777.115525079891086, 1224070.790994881652296 ], [ 11922436.434424106031656, 1152479.304349300218746 ], [ 11831721.734477922320366, 1059782.219072795473039 ], [ 11693078.299054739996791, 956250.733019698527642 ], [ 11652705.711925091221929, 1027557.671535355504602 ], [ 11683953.410958668217063, 1102887.090941989561543 ], [ 11601461.47367749735713, 1166051.772007977124304 ] ] ] } }
]
}
